1669443955878153764,idle,idle,idle,idle
1669443955978201351,idle,idle,idle,idle
1669443956078273758,idle,idle,idle,idle
1669443956178310001,idle,idle,idle,idle
1669443956278390914,idle,idle,idle,idle
1669443956378470516,idle,idle,idle,idle
1669443956478499786,idle,idle,idle,idle
1669443956578576644,idle,idle,idle,idle
1669443956678651683,idle,idle,idle,idle
1669443956778732154,idle,idle,idle,idle
1669443956878923532,idle,idle,idle,idle
1669443956978979544,idle,idle,idle,idle
1669443957079053035,idle,idle,idle,idle
1669443957179132680,idle,idle,idle,idle
1669443957279218366,idle,idle,idle,idle
1669443957379308552,idle,idle,idle,idle
1669443957479388213,idle,idle,idle,idle
1669443957579464906,idle,idle,idle,idle
1669443957679546998,idle,idle,idle,idle
1669443957779626698,idle,idle,idle,idle
1669443957879721337,idle,idle,idle,idle
1669443957979798262,idle,idle,idle,idle
1669443958079832993,idle,idle,idle,idle
1669443958179910716,idle,idle,idle,idle
1669443958279996198,idle,idle,idle,idle
1669443958380051609,idle,idle,idle,idle
1669443958480131899,idle,idle,idle,idle
1669443958580224169,idle,idle,idle,idle
1669443958680297596,idle,idle,idle,idle
1669443958780369005,idle,idle,idle,idle
1669443958880417348,idle,idle,idle,idle
1669443958980500187,idle,idle,idle,idle
1669443959080581512,idle,idle,idle,idle
1669443959180672368,idle,idle,idle,idle
1669443959280757105,idle,idle,idle,idle
1669443959380840401,idle,idle,idle,idle
1669443959480930461,idle,idle,idle,idle
1669443959581014017,idle,idle,idle,idle
1669443959681077341,idle,idle,idle,idle
1669443959781150962,idle,idle,idle,idle
1669443959881225111,idle,idle,idle,idle
1669443959981288129,idle,idle,idle,idle
1669443960081360057,idle,idle,idle,idle
1669443960181431820,idle,idle,idle,idle
1669443960281501623,idle,idle,idle,idle
1669443960381575582,idle,idle,idle,idle
1669443960481621069,idle,idle,idle,idle
1669443960581701259,idle,idle,idle,idle
1669443960681778210,idle,idle,idle,idle
1669443960781833732,idle,idle,idle,idle
1669443960881908003,idle,idle,idle,idle
1669443960981978428,idle,idle,idle,idle
1669443961082048731,idle,idle,idle,idle
1669443961182109855,idle,idle,idle,idle
1669443961282182634,idle,idle,idle,idle
1669443961382257949,idle,idle,idle,idle
1669443961482311172,idle,idle,idle,idle
1669443961582362199,idle,idle,idle,idle
1669443961682431960,idle,idle,idle,idle
1669443961782503316,idle,idle,idle,idle
1669443961882572974,idle,idle,idle,idle
1669443961982647052,idle,idle,idle,idle
1669443962082708468,idle,idle,idle,idle
1669443962182777257,idle,idle,idle,idle
1669443962282850245,idle,idle,idle,idle
1669443962382919965,idle,idle,idle,idle
1669443962482969816,idle,idle,idle,idle
1669443962583015083,idle,idle,idle,idle
1669443962683088565,idle,idle,idle,idle
1669443962783157721,idle,idle,idle,idle
1669443962883225795,idle,idle,idle,idle
1669443962983249644,idle,idle,idle,idle
1669443963083325221,idle,idle,idle,idle
1669443963183397787,idle,idle,idle,idle
1669443963283470433,idle,idle,idle,idle
1669443963383515259,idle,idle,idle,idle
1669443963483540654,idle,idle,idle,idle
1669443963583613464,idle,idle,idle,idle
1669443963683639636,idle,idle,idle,idle
1669443963783715400,idle,idle,idle,idle
1669443963883759909,idle,idle,idle,idle
1669443963983828811,idle,idle,idle,idle
1669443964083900675,idle,idle,idle,idle
1669443964183963317,idle,idle,idle,idle
1669443964284039069,idle,idle,idle,idle
1669443964384079801,idle,idle,idle,idle
1669443964484150727,idle,idle,idle,idle
1669443964584222284,idle,idle,idle,idle
1669443964684261672,idle,idle,idle,idle
1669443964784340077,idle,idle,idle,idle
1669443964884415586,idle,idle,idle,idle
1669443964984492515,idle,idle,idle,idle
1669443965084564699,idle,idle,idle,idle
1669443965184635625,idle,idle,idle,idle
1669443965284704799,idle,idle,idle,idle
1669443965384730712,idle,idle,idle,idle
1669443965484804923,idle,idle,idle,idle
1669443965584873956,idle,idle,idle,idle
1669443965684952276,idle,idle,idle,idle
1669443965784992376,idle,idle,idle,idle
1669443965885074697,idle,idle,idle,idle
1669443965985150246,idle,idle,idle,idle
1669443966085222461,idle,idle,idle,idle
1669443966185295909,idle,idle,idle,idle
1669443966285369970,idle,idle,idle,idle
1669443966385446032,idle,idle,idle,idle
1669443966485518466,idle,idle,idle,idle
1669443966585600354,idle,idle,idle,idle
1669443966685675172,idle,idle,idle,idle
1669443966785753287,idle,idle,idle,idle
1669443966885828223,idle,idle,idle,idle
1669443966985902247,idle,idle,idle,idle
1669443967085974786,idle,idle,idle,idle
1669443967186064297,idle,idle,idle,idle
1669443967286138278,idle,idle,idle,idle
1669443967386178702,idle,idle,idle,idle
1669443967486254197,idle,idle,idle,idle
1669443967586329193,idle,idle,idle,idle
1669443967686400534,idle,idle,idle,idle
1669443967786447059,idle,idle,idle,idle
1669443967886504423,idle,idle,idle,idle
1669443967986582840,idle,idle,idle,idle
1669443968086656968,idle,idle,idle,idle
1669443968186730892,idle,idle,idle,idle
1669443968286799455,idle,idle,idle,idle
1669443968386908676,idle,idle,idle,idle
1669443968486984586,idle,idle,idle,idle
1669443968587034082,idle,idle,idle,idle
1669443968687105090,idle,idle,idle,idle
1669443968787161048,idle,idle,idle,idle
1669443968887235204,idle,idle,idle,idle
1669443968987309956,idle,idle,idle,idle
1669443969087388718,idle,idle,idle,idle
1669443969187467455,idle,idle,idle,idle
1669443969287546978,idle,idle,idle,idle
1669443969387624878,idle,idle,idle,idle
1669443969487699863,idle,idle,idle,idle
1669443969587771469,idle,idle,idle,idle
1669443969687819853,idle,idle,idle,idle
1669443969787896951,idle,idle,idle,idle
1669443969887939235,idle,idle,idle,idle
1669443969988011533,idle,idle,idle,idle
1669443970088056264,idle,idle,idle,idle
1669443970188127906,idle,idle,idle,idle
1669443970288199591,idle,idle,idle,idle
1669443970388257393,idle,idle,idle,idle
1669443970488336310,idle,idle,idle,idle
1669443970588364527,idle,idle,idle,idle
1669443970688434909,idle,idle,idle,idle
1669443970788504063,idle,idle,idle,idle
1669443970888558935,idle,idle,idle,idle
1669443970988629524,idle,idle,idle,idle
1669443971088703556,idle,idle,idle,idle
1669443971188743609,idle,idle,idle,idle
1669443971288815462,idle,idle,idle,idle
1669443971388890474,idle,idle,idle,idle
1669443971488967643,idle,idle,idle,idle
1669443971589043702,idle,idle,idle,idle
1669443971689118317,idle,idle,idle,idle
1669443971789162972,idle,idle,idle,idle
1669443971889235811,idle,idle,idle,idle
1669443971989279367,idle,idle,idle,idle
1669443972089314018,idle,idle,idle,idle
1669443972189386493,idle,idle,idle,idle
1669443972289459029,idle,idle,idle,idle
1669443972389536465,idle,idle,idle,idle
1669443972489585620,idle,idle,idle,idle
1669443972589626139,idle,idle,idle,idle
1669443972689698794,idle,idle,idle,idle
1669443972789772321,idle,idle,idle,idle
1669443972889847427,idle,idle,idle,idle
1669443972989882867,idle,idle,idle,idle
1669443973089974110,idle,idle,idle,idle
1669443973190045416,idle,idle,idle,idle
1669443973290116677,idle,idle,idle,idle
1669443973390165265,idle,idle,idle,idle
1669443973490237487,idle,idle,idle,idle
1669443973590310286,idle,idle,idle,idle
1669443973690365563,idle,idle,idle,idle
1669443973790422623,idle,idle,idle,idle
1669443973890494898,idle,idle,idle,idle
1669443973990568326,idle,idle,idle,idle
1669443974090605637,idle,idle,idle,idle
1669443974190683715,idle,idle,idle,idle
1669443974290755179,idle,idle,idle,idle
1669443974390859750,idle,idle,idle,idle
1669443974490932480,idle,idle,idle,idle
1669443974590974636,idle,idle,idle,idle
1669443974691048125,idle,idle,idle,idle
1669443974791099498,idle,idle,idle,idle
1669443974891144100,idle,idle,idle,idle
1669443974991224934,idle,idle,idle,idle
1669443975091295485,idle,idle,idle,idle
1669443975191367925,idle,idle,idle,idle
1669443975291423274,idle,idle,idle,idle
1669443975391495155,idle,idle,idle,idle
1669443975491566574,idle,idle,idle,idle
1669443975591633347,idle,idle,idle,idle
1669443975691706674,idle,idle,idle,idle
1669443975791783640,idle,idle,idle,idle
1669443975891853473,idle,idle,idle,idle
1669443975991896192,idle,idle,idle,idle
1669443976091967052,idle,idle,idle,idle
1669443976192036964,idle,idle,idle,idle
1669443976292110043,idle,idle,idle,idle
1669443976392182087,idle,idle,idle,idle
1669443976492254828,idle,idle,idle,idle
1669443976592325303,idle,idle,idle,idle
1669443976692394882,idle,idle,idle,idle
1669443976792468454,idle,idle,idle,idle
1669443976892538463,idle,idle,idle,idle
1669443976992613821,idle,idle,idle,idle
1669443977092644336,idle,idle,idle,idle
1669443977192678347,idle,idle,idle,idle
1669443977292749942,idle,idle,idle,idle
1669443977392806900,idle,idle,idle,idle
1669443977492878520,idle,idle,idle,idle
1669443977592954063,idle,idle,idle,idle
1669443977693023502,idle,idle,idle,idle
1669443977793093381,idle,idle,idle,idle
1669443977893165206,idle,idle,idle,idle
1669443977993237380,idle,idle,idle,idle
1669443978093296042,idle,idle,idle,idle
1669443978193368690,idle,idle,idle,idle
1669443978293445408,idle,idle,idle,idle
1669443978393518949,idle,idle,idle,idle
1669443978493558190,idle,idle,idle,idle
1669443978593619019,idle,idle,idle,idle
1669443978693673837,idle,idle,idle,idle
1669443978793724737,idle,idle,idle,idle
1669443978893751817,idle,idle,idle,idle
1669443978993776954,idle,idle,idle,idle
1669443979093855006,idle,idle,idle,idle
1669443979193906452,idle,idle,idle,idle
1669443979293984411,idle,idle,idle,idle
1669443979394014304,idle,idle,idle,idle
1669443979494089912,idle,idle,idle,idle
1669443979594169092,idle,idle,idle,idle
1669443979694233612,idle,idle,idle,idle
1669443979794289227,idle,idle,idle,idle
1669443979894361775,idle,idle,idle,idle
1669443979994424077,idle,idle,idle,idle
1669443980094480528,idle,idle,idle,idle
1669443980194567547,idle,idle,idle,idle
1669443980294644934,idle,idle,idle,idle
1669443980394709274,idle,idle,idle,idle
1669443980494780788,idle,idle,idle,idle
1669443980594851828,idle,idle,idle,idle
1669443980694924229,idle,idle,idle,idle
1669443980795005787,idle,idle,idle,idle
1669443980895079052,idle,idle,idle,idle
1669443980995151334,idle,idle,idle,idle
1669443981095182588,idle,idle,idle,idle
1669443981195227844,idle,idle,idle,idle
1669443981295259551,idle,idle,idle,idle
1669443981395324209,idle,idle,idle,idle
1669443981495378739,idle,idle,idle,idle
1669443981595453455,idle,idle,idle,idle
1669443981695489323,idle,idle,idle,idle
1669443981795565238,idle,idle,idle,idle
1669443981895637711,idle,idle,idle,idle
1669443981995715581,idle,idle,idle,idle
1669443982095787204,idle,idle,idle,idle
1669443982195837201,idle,idle,idle,idle
1669443982295912218,idle,idle,idle,idle
1669443982395982831,idle,idle,idle,idle
1669443982496045542,idle,idle,idle,idle
1669443982596086173,idle,idle,idle,idle
1669443982696158876,idle,idle,idle,idle
1669443982796184227,idle,idle,idle,idle
1669443982896256576,idle,idle,idle,idle
1669443982996329753,idle,idle,idle,idle
1669443983096404818,idle,idle,idle,idle
1669443983196477493,idle,idle,idle,idle
1669443983296501224,idle,idle,idle,idle
1669443983396574715,idle,idle,idle,idle
1669443983496648254,idle,idle,idle,idle
1669443983596720828,idle,idle,idle,idle
1669443983696791444,idle,idle,idle,idle
1669443983796863577,idle,idle,idle,idle
1669443983896940178,idle,idle,idle,idle
1669443983997014733,idle,idle,idle,idle
1669443984097087224,idle,idle,idle,idle
1669443984197159991,idle,idle,idle,idle
1669443984297232878,idle,idle,idle,idle
1669443984397282513,idle,idle,idle,idle
1669443984497354600,idle,idle,idle,idle
1669443984597430475,idle,idle,idle,idle
1669443984697502137,idle,idle,idle,idle
1669443984797572676,idle,idle,idle,idle
1669443984897643948,idle,idle,idle,idle
1669443984997747645,idle,idle,idle,idle
1669443985097778321,idle,idle,idle,idle
1669443985197849811,idle,idle,idle,idle
1669443985297920452,idle,idle,idle,idle
1669443985397999531,idle,idle,idle,idle
1669443985498073262,idle,idle,idle,idle
1669443985598146203,idle,idle,idle,idle
1669443985698222223,idle,idle,idle,idle
1669443985798253204,idle,idle,idle,idle
1669443985898326083,idle,idle,idle,idle
1669443985998348693,idle,idle,idle,idle
1669443986098418137,idle,idle,idle,idle
1669443986198440813,idle,idle,idle,idle
1669443986298500843,idle,idle,idle,idle
1669443986398573913,idle,idle,idle,idle
1669443986498645640,idle,idle,idle,idle
1669443986598717530,idle,idle,idle,idle
1669443986698787852,idle,idle,idle,idle
1669443986798859841,idle,idle,idle,idle
1669443986898930029,idle,idle,idle,idle
1669443986998974500,idle,idle,idle,idle
1669443987099029269,idle,idle,idle,idle
1669443987199096764,idle,idle,idle,idle
1669443987299168759,idle,idle,idle,idle
1669443987399239822,idle,idle,idle,idle
1669443987499311850,idle,idle,idle,idle
1669443987599384141,idle,idle,idle,idle
1669443987699434349,idle,idle,idle,idle
1669443987799483898,idle,idle,idle,idle
1669443987899532418,idle,idle,idle,idle
1669443987999591800,idle,idle,idle,idle
1669443988099663650,idle,idle,idle,idle
1669443988199694161,idle,idle,idle,idle
1669443988299765986,idle,idle,idle,idle
1669443988399838871,idle,idle,idle,idle
1669443988499891465,idle,idle,idle,idle
1669443988599955948,idle,idle,idle,idle
1669443988700027757,idle,idle,idle,idle
1669443988800075481,idle,idle,idle,idle
1669443988900130097,idle,idle,idle,idle
1669443989000200039,idle,idle,idle,idle
1669443989100267772,idle,idle,idle,idle
1669443989200354592,idle,idle,idle,idle
1669443989300429966,idle,idle,idle,idle
1669443989400491898,idle,idle,idle,idle
1669443989500566905,idle,idle,idle,idle
1669443989600639144,idle,idle,idle,idle
1669443989700714971,idle,idle,idle,idle
1669443989800780196,idle,idle,idle,idle
1669443989900851063,idle,idle,idle,idle
1669443990000927342,idle,idle,idle,idle
1669443990101003176,idle,idle,idle,idle
1669443990201077498,idle,idle,idle,idle
1669443990301152170,idle,idle,idle,idle
1669443990401228987,idle,idle,idle,idle
1669443990501300199,idle,idle,idle,idle
1669443990601371864,idle,idle,idle,idle
1669443990701442694,idle,idle,idle,idle
1669443990801514416,idle,idle,idle,idle
1669443990901586208,idle,idle,idle,idle
1669443991001660076,idle,idle,idle,idle
1669443991101737128,idle,idle,idle,idle
1669443991201806564,idle,idle,idle,idle
1669443991301888833,idle,idle,idle,idle
1669443991401928868,idle,idle,idle,idle
1669443991502002176,idle,idle,idle,idle
1669443991602062561,idle,idle,idle,idle
1669443991702122695,idle,idle,idle,idle
1669443991802184640,idle,idle,idle,idle
1669443991902255331,idle,idle,idle,idle
1669443992002329253,idle,idle,idle,idle
1669443992102403847,idle,idle,idle,idle
1669443992202482631,idle,idle,idle,idle
1669443992302560859,idle,idle,idle,idle
1669443992402604306,idle,idle,idle,idle
1669443992502642665,idle,idle,idle,idle
1669443992602704695,idle,idle,idle,idle
1669443992702775319,idle,idle,idle,idle
1669443992802812191,idle,idle,idle,idle
1669443992902869749,idle,idle,idle,idle
1669443993002919605,idle,idle,idle,idle
1669443993102992931,idle,idle,idle,idle
1669443993203069280,idle,idle,idle,idle
1669443993303143063,idle,idle,idle,idle
1669443993403193384,idle,idle,idle,idle
1669443993503266336,idle,idle,idle,idle
1669443993603342797,idle,idle,idle,idle
1669443993703414823,idle,idle,idle,idle
1669443993803489187,idle,idle,idle,idle
1669443993903542735,idle,idle,idle,idle
1669443994003582981,idle,idle,idle,idle
1669443994103660155,idle,idle,idle,idle
1669443994203735602,idle,idle,idle,idle
1669443994303810991,idle,idle,idle,idle
1669443994403864308,idle,idle,idle,idle
1669443994503940474,idle,idle,idle,idle
1669443994603973326,idle,idle,idle,idle
1669443994704000008,idle,idle,idle,idle
1669443994804070821,idle,idle,idle,idle
1669443994904144421,idle,idle,idle,idle
1669443995004214841,idle,idle,idle,idle
1669443995104252367,idle,idle,idle,idle
1669443995204324588,idle,idle,idle,idle
1669443995304404580,idle,idle,idle,idle
1669443995404468652,idle,idle,idle,idle
1669443995504542409,idle,idle,idle,idle
1669443995604617248,idle,idle,idle,idle
1669443995704654868,idle,idle,idle,idle
1669443995804728431,idle,idle,idle,idle
1669443995904802995,idle,idle,idle,idle
1669443996004873522,idle,idle,idle,idle
1669443996104913668,idle,idle,idle,idle
1669443996204985506,idle,idle,idle,idle
1669443996305024038,idle,idle,idle,idle
1669443996405102286,idle,idle,idle,idle
1669443996505174166,idle,idle,idle,idle
1669443996605249827,idle,idle,idle,idle
1669443996705312608,idle,idle,idle,idle
1669443996805388925,idle,idle,idle,idle
1669443996905444943,idle,idle,idle,idle
1669443997005497804,idle,idle,idle,idle
1669443997105564331,idle,idle,idle,idle
1669443997205638140,idle,idle,idle,idle
1669443997305711485,idle,idle,idle,idle
1669443997405758028,idle,idle,idle,idle
1669443997505830822,idle,idle,idle,idle
1669443997605904144,idle,idle,idle,idle
1669443997705978326,idle,idle,idle,idle
1669443997806053733,idle,idle,idle,idle
1669443997906132604,idle,idle,idle,idle
1669443998006213250,idle,idle,idle,idle
1669443998106286928,idle,idle,idle,idle
1669443998206325969,idle,idle,idle,idle
1669443998306398695,idle,idle,idle,idle
1669443998406429748,idle,idle,idle,idle
1669443998506499889,idle,idle,idle,idle
1669443998606560772,idle,idle,idle,idle
1669443998706637638,idle,idle,idle,idle
1669443998806715596,idle,idle,idle,idle
1669443998906766172,idle,idle,idle,idle
1669443999006829327,idle,idle,idle,idle
1669443999106875932,idle,idle,idle,idle
1669443999206913976,idle,idle,idle,idle
1669443999306986460,idle,idle,idle,idle
1669443999407058725,idle,idle,idle,idle
1669443999507136150,idle,idle,idle,idle
1669443999607210460,idle,idle,idle,idle
1669443999707284619,idle,idle,idle,idle
1669443999807331035,idle,idle,idle,idle
1669443999907406150,idle,idle,idle,idle
1669444000007470923,idle,idle,idle,idle
1669444000107543692,idle,idle,idle,idle
1669444000207618870,idle,idle,idle,idle
1669444000307646361,idle,idle,idle,idle
1669444000407718766,idle,idle,idle,idle
1669444000507792851,idle,idle,idle,idle
1669444000607846318,idle,idle,idle,idle
1669444000707909640,idle,idle,idle,idle
1669444000807983223,idle,idle,idle,idle
1669444000908057364,idle,idle,idle,idle
1669444001008134396,idle,idle,idle,idle
1669444001108182939,idle,idle,idle,idle
1669444001208241825,idle,idle,idle,idle
1669444001308316081,idle,idle,idle,idle
1669444001408389364,idle,idle,idle,idle
1669444001508462556,idle,idle,idle,idle
1669444001608536554,idle,idle,idle,idle
1669444001708565564,idle,idle,idle,idle
1669444001808600885,idle,idle,idle,idle
1669444001908633746,idle,idle,idle,idle
1669444002008709646,idle,idle,idle,idle
1669444002108752549,idle,idle,idle,idle
1669444002208825670,idle,idle,idle,idle
1669444002308899414,idle,idle,idle,idle
1669444002408971993,idle,idle,idle,idle
1669444002509045674,idle,idle,idle,idle
1669444002609106292,idle,idle,idle,idle
1669444002709136435,idle,idle,idle,idle
1669444002809210773,idle,idle,idle,idle
1669444002909284514,idle,idle,idle,idle
1669444003009315421,idle,idle,idle,idle
1669444003109388407,idle,idle,idle,idle
1669444003209449398,idle,idle,idle,idle
1669444003309521566,idle,idle,idle,idle
1669444003409563808,idle,idle,idle,idle
1669444003509638582,idle,idle,idle,idle
1669444003609712325,idle,idle,idle,idle
1669444003709785707,idle,idle,idle,idle
1669444003809856708,idle,idle,idle,idle
1669444003909928674,idle,idle,idle,idle
1669444004009957866,idle,idle,idle,idle
1669444004109997930,idle,idle,idle,idle
1669444004210069728,idle,idle,idle,idle
1669444004310136418,idle,idle,idle,idle
1669444004410186100,idle,idle,idle,idle
1669444004510258818,idle,idle,idle,idle
1669444004610313181,idle,idle,idle,idle
1669444004710364874,idle,idle,idle,idle
1669444004810422123,idle,idle,idle,idle
1669444004910499998,idle,idle,idle,idle
1669444005010553482,idle,idle,idle,idle
1669444005110583024,idle,idle,idle,idle
1669444005210678384,idle,idle,idle,idle
1669444005310749614,idle,idle,idle,idle
1669444005410823996,idle,idle,idle,idle
1669444005510893206,idle,idle,idle,idle
1669444005610966590,idle,idle,idle,idle
1669444005711044021,idle,idle,idle,idle
1669444005811082109,idle,idle,idle,idle
1669444005911158600,idle,idle,idle,idle
1669444006011234958,idle,idle,idle,idle
1669444006111308473,idle,idle,idle,idle
1669444006211391145,idle,idle,idle,idle
1669444006311464216,idle,idle,idle,idle
1669444006411490857,idle,idle,idle,idle
1669444006511526408,idle,idle,idle,idle
1669444006611584048,idle,idle,idle,idle
1669444006711626512,idle,idle,idle,idle
1669444006811671209,idle,idle,idle,idle
1669444006911747878,idle,idle,idle,idle
1669444007011793235,idle,idle,idle,idle
1669444007111867674,idle,idle,idle,idle
1669444007211939605,idle,idle,idle,idle
1669444007312013711,idle,idle,idle,idle
1669444007412066961,idle,idle,idle,idle
1669444007512111262,idle,idle,idle,idle
1669444007612185987,idle,idle,idle,idle
1669444007712262880,idle,idle,idle,idle
1669444007812336945,idle,idle,idle,idle
1669444007912409314,idle,idle,idle,idle
1669444008012436645,idle,idle,idle,idle
1669444008112509370,idle,idle,idle,idle
1669444008212589134,idle,idle,idle,idle
1669444008312614793,idle,idle,idle,idle
1669444008412652080,idle,idle,idle,idle
1669444008512722944,idle,idle,idle,idle
1669444008612787145,idle,idle,idle,idle
1669444008712824853,idle,idle,idle,idle
1669444008812859738,idle,idle,idle,idle
1669444008912931613,idle,idle,idle,idle
1669444009013002078,idle,idle,idle,idle
1669444009113072568,idle,idle,idle,idle
1669444009213145638,idle,idle,idle,idle
1669444009313218702,idle,idle,idle,idle
1669444009413297549,idle,idle,idle,idle
1669444009513369704,idle,idle,idle,idle
1669444009613442042,idle,idle,idle,idle
1669444009713504577,idle,idle,idle,idle
1669444009813546522,idle,idle,idle,idle
1669444009913606473,idle,idle,idle,idle
1669444010013664097,idle,idle,idle,idle
1669444010113715192,idle,idle,idle,idle
1669444010213783089,idle,idle,idle,idle
1669444010313855586,idle,idle,idle,idle
1669444010413922924,idle,idle,idle,idle
1669444010513997479,idle,idle,idle,idle
1669444010614072548,idle,idle,idle,idle
1669444010714149211,idle,idle,idle,idle
1669444010814223423,idle,idle,idle,idle
1669444010914299463,idle,idle,idle,idle
1669444011014373416,idle,idle,idle,idle
1669444011114435141,idle,idle,idle,idle
1669444011214502073,idle,idle,idle,idle
1669444011314558093,idle,idle,idle,idle
1669444011414630905,idle,idle,idle,idle
1669444011514691056,idle,idle,idle,idle
1669444011614763236,idle,idle,idle,idle
1669444011714837577,idle,idle,idle,idle
1669444011814909957,idle,idle,idle,idle
1669444011914974301,idle,idle,idle,idle
1669444012015006193,idle,idle,idle,idle
1669444012115053726,idle,idle,idle,idle
1669444012215077923,idle,idle,idle,idle
1669444012315152302,idle,idle,idle,idle
1669444012415186043,idle,idle,idle,idle
1669444012515259242,idle,idle,idle,idle
1669444012615311629,idle,idle,idle,idle
1669444012715384774,idle,idle,idle,idle
1669444012815462203,idle,idle,idle,idle
1669444012915523079,idle,idle,idle,idle
1669444013015598287,idle,idle,idle,idle
1669444013115669480,idle,idle,idle,idle
1669444013215741911,idle,idle,idle,idle
1669444013315814518,idle,idle,idle,idle
1669444013415871065,idle,idle,idle,idle
1669444013515949007,idle,idle,idle,idle
1669444013615994595,idle,idle,idle,idle
1669444013716068757,idle,idle,idle,idle
1669444013816134236,idle,idle,idle,idle
1669444013916205998,idle,idle,idle,idle
1669444014016252447,idle,idle,idle,idle
1669444014116328987,idle,idle,idle,idle
1669444014216366107,idle,idle,idle,idle
1669444014316439057,idle,idle,idle,idle
1669444014416510663,idle,idle,idle,idle
1669444014516585826,idle,idle,idle,idle
1669444014616654267,idle,idle,idle,idle
1669444014716728725,idle,idle,idle,idle
1669444014816805452,idle,idle,idle,idle
1669444014916884797,idle,idle,idle,idle
1669444015016921433,idle,idle,idle,idle
1669444015116991842,idle,idle,idle,idle
1669444015217046892,idle,idle,idle,idle
1669444015317118649,idle,idle,idle,idle
1669444015417163079,idle,idle,idle,idle
1669444015517189802,idle,idle,idle,idle
1669444015617262790,idle,idle,idle,idle
1669444015717337664,idle,idle,idle,idle
1669444015817412088,idle,idle,idle,idle
1669444015917483206,idle,idle,idle,idle
1669444016017530337,idle,idle,idle,idle
1669444016117560884,idle,idle,idle,idle
1669444016217634036,idle,idle,idle,idle
1669444016317701402,idle,idle,idle,idle
1669444016417773623,idle,idle,idle,idle
1669444016517847129,idle,idle,idle,idle
1669444016617918298,idle,idle,idle,idle
1669444016717991038,idle,idle,idle,idle
1669444016818061093,idle,idle,idle,idle
1669444016918133171,idle,idle,idle,idle
1669444017018205806,idle,idle,idle,idle
1669444017118276121,idle,idle,idle,idle
1669444017218347526,idle,idle,idle,idle
1669444017318373370,idle,idle,idle,idle
1669444017418448140,idle,idle,idle,idle
1669444017518497555,idle,idle,idle,idle
1669444017618569140,idle,idle,idle,idle
1669444017718645406,idle,idle,idle,idle
1669444017818703905,idle,idle,idle,idle
1669444017918773130,idle,idle,idle,idle
1669444018018846762,idle,idle,idle,idle
1669444018118917298,idle,idle,idle,idle
1669444018218987230,idle,idle,idle,idle
1669444018319057417,idle,idle,idle,idle
1669444018419113979,idle,idle,idle,idle
1669444018519186948,idle,idle,idle,idle
1669444018619213981,idle,idle,idle,idle
1669444018719285836,idle,idle,idle,idle
1669444018819358681,idle,idle,idle,idle
1669444018919430137,idle,idle,idle,idle
1669444019019500510,idle,idle,idle,idle
1669444019119555867,idle,idle,idle,idle
1669444019219635249,idle,idle,idle,idle
1669444019319682232,idle,idle,idle,idle
1669444019419757834,idle,idle,idle,idle
1669444019519827390,idle,idle,idle,idle
1669444019619901687,idle,idle,idle,idle
1669444019719972656,idle,idle,idle,idle
1669444019820014391,idle,idle,idle,idle
1669444019920093549,idle,idle,idle,idle
1669444020020164951,idle,idle,idle,idle
1669444020120235086,idle,idle,idle,idle
1669444020220288764,idle,idle,idle,idle
1669444020320362802,idle,idle,idle,idle
1669444020420412636,idle,idle,idle,idle
1669444020520477849,idle,idle,idle,idle
1669444020620556525,idle,idle,idle,idle
1669444020720629273,idle,idle,idle,idle
1669444020820702395,idle,idle,idle,idle
1669444020920773976,idle,idle,idle,idle
1669444021020849365,idle,idle,idle,idle
1669444021120925253,idle,idle,idle,idle
1669444021221002548,idle,idle,idle,idle
1669444021321057695,idle,idle,idle,idle
1669444021421132853,idle,idle,idle,idle
1669444021521163469,idle,idle,idle,idle
1669444021621240765,idle,idle,idle,idle
1669444021721314956,idle,idle,idle,idle
1669444021821386979,idle,idle,idle,idle
1669444021921463430,idle,idle,idle,idle
1669444022021537621,idle,idle,idle,idle
1669444022121611855,idle,idle,idle,idle
1669444022221656653,idle,idle,idle,idle
1669444022321730562,idle,idle,idle,idle
1669444022421802366,idle,idle,idle,idle
1669444022521875022,idle,idle,idle,idle
1669444022621909979,idle,idle,idle,idle
1669444022721956863,idle,idle,idle,idle
1669444022822031813,idle,idle,idle,idle
1669444022922066656,idle,idle,idle,idle
1669444023022143318,idle,idle,idle,idle
1669444023122220244,idle,idle,idle,idle
1669444023222286245,idle,idle,idle,idle
1669444023322364639,idle,idle,idle,idle
1669444023422435051,idle,idle,idle,idle
1669444023522479457,idle,idle,idle,idle
1669444023622555850,idle,idle,idle,idle
1669444023722603525,idle,idle,idle,idle
1669444023822659301,idle,idle,idle,idle
1669444023922732267,idle,idle,idle,idle
1669444024022806693,idle,idle,idle,idle
1669444024122881983,idle,idle,idle,idle
1669444024222905174,idle,idle,idle,idle
1669444024322978750,idle,idle,idle,idle
1669444024423050793,idle,idle,idle,idle
1669444024523125807,idle,idle,idle,idle
1669444024623176216,idle,idle,idle,idle
1669444024723249722,idle,idle,idle,idle
1669444024823323823,idle,idle,idle,idle
1669444024923395616,idle,idle,idle,idle
1669444025023450594,idle,idle,idle,idle
1669444025123524222,idle,idle,idle,idle
1669444025223603896,idle,idle,idle,idle
1669444025323678609,idle,idle,idle,idle
1669444025423757013,idle,idle,idle,idle
1669444025523828774,idle,idle,idle,idle
1669444025623904669,idle,idle,idle,idle
1669444025723982262,idle,idle,idle,idle
1669444025824035655,idle,idle,idle,idle
1669444025924109702,idle,idle,idle,idle
1669444026024188949,idle,idle,idle,idle
1669444026124269106,idle,idle,idle,idle
1669444026224347387,idle,idle,idle,idle
1669444026324426808,idle,idle,idle,idle
1669444026424505487,idle,idle,idle,idle
1669444026524561342,idle,idle,idle,idle
1669444026624598707,idle,idle,idle,idle
1669444026724670978,idle,idle,idle,idle
1669444026824754333,idle,idle,idle,idle
1669444026924823636,idle,idle,idle,idle
1669444027024911206,idle,idle,idle,idle
1669444027124986732,idle,idle,idle,idle
1669444027225027517,idle,idle,idle,idle
1669444027325101109,idle,idle,idle,idle
1669444027425179738,idle,idle,idle,idle
1669444027525253900,idle,idle,idle,idle
1669444027625309839,idle,idle,idle,idle
1669444027725391110,idle,idle,idle,idle
1669444027825470757,idle,idle,idle,idle
1669444027925505772,idle,idle,idle,idle
1669444028025578623,idle,idle,idle,idle
1669444028125612194,idle,idle,idle,idle
1669444028225676970,idle,idle,idle,idle
1669444028325752759,idle,idle,idle,idle
1669444028425828123,idle,idle,idle,idle
1669444028525903791,idle,idle,idle,idle
1669444028625978013,idle,idle,idle,idle
1669444028726053274,idle,idle,idle,idle
1669444028826131276,idle,idle,idle,idle
1669444028926204588,idle,idle,idle,idle
1669444029026270362,idle,idle,idle,idle
1669444029126325952,idle,idle,idle,idle
1669444029226395962,idle,idle,idle,idle
1669444029326475803,idle,idle,idle,idle
1669444029426564518,idle,idle,idle,idle
1669444029526610620,idle,idle,idle,idle
1669444029626663516,idle,idle,idle,idle
1669444029726736111,idle,idle,idle,idle
1669444029826814531,idle,idle,idle,idle
1669444029926879115,idle,idle,idle,idle
1669444030026958745,idle,idle,idle,idle
1669444030127014345,idle,idle,idle,idle
1669444030227088902,idle,idle,idle,idle
1669444030327167984,idle,idle,idle,idle
1669444030427241757,idle,idle,idle,idle
1669444030527315331,idle,idle,idle,idle
1669444030627388806,idle,idle,idle,idle
1669444030727429151,idle,idle,idle,idle
1669444030827495904,idle,idle,idle,idle
1669444030927567501,idle,idle,idle,idle
1669444031027601061,idle,idle,idle,idle
1669444031127679978,idle,idle,idle,idle
1669444031227732388,idle,idle,idle,idle
1669444031327778231,idle,idle,idle,idle
1669444031427853134,idle,idle,idle,idle
1669444031527929104,idle,idle,idle,idle
1669444031627975178,idle,idle,idle,idle
1669444031728057507,idle,idle,idle,idle
1669444031828136134,idle,idle,idle,idle
1669444031928183835,idle,idle,idle,idle
1669444032028255421,idle,idle,idle,idle
1669444032128333619,idle,idle,idle,idle
1669444032228415297,idle,idle,idle,idle
1669444032328484662,idle,idle,idle,idle
1669444032428564489,idle,idle,idle,idle
1669444032528638674,idle,idle,idle,idle
1669444032628708500,idle,idle,idle,idle
1669444032728746660,idle,idle,idle,idle
1669444032828800626,idle,idle,idle,idle
1669444032928873163,idle,idle,idle,idle
1669444033028958504,idle,idle,idle,idle
1669444033129022610,idle,idle,idle,idle
1669444033229097817,idle,idle,idle,idle
1669444033329168651,idle,idle,idle,idle
1669444033429191827,idle,idle,idle,idle
1669444033529265900,idle,idle,idle,idle
1669444033629338989,idle,idle,idle,idle
1669444033729398202,idle,idle,idle,idle
1669444033829471858,idle,idle,idle,idle
1669444033929553280,idle,idle,idle,idle
1669444034029630499,idle,idle,idle,idle
1669444034129715510,idle,idle,idle,idle
1669444034229757525,idle,idle,idle,idle
1669444034329836139,idle,idle,idle,idle
1669444034429913539,idle,idle,idle,idle
1669444034529992798,idle,idle,idle,idle
1669444034630077630,idle,idle,idle,idle
1669444034730162738,idle,idle,idle,idle
1669444034830240053,idle,idle,idle,idle
1669444034930315967,idle,idle,idle,idle
1669444035030392472,idle,idle,idle,idle
1669444035130470232,idle,idle,idle,idle
1669444035230508356,idle,idle,idle,idle
1669444035330585110,idle,idle,idle,idle
1669444035430661641,idle,idle,idle,idle
1669444035530742478,idle,idle,idle,idle
1669444035630790719,idle,idle,idle,idle
1669444035730869651,idle,idle,idle,idle
1669444035830946543,idle,idle,idle,idle
1669444035931028799,idle,idle,idle,idle
1669444036031085420,idle,idle,idle,idle
1669444036131167503,idle,idle,idle,idle
1669444036231210272,idle,idle,idle,idle
1669444036331305356,idle,idle,idle,idle
1669444036431429730,idle,idle,idle,idle
1669444036531468118,idle,idle,idle,idle
1669444036631522872,idle,idle,idle,idle
1669444036731606733,idle,idle,idle,idle
1669444036831687109,idle,idle,idle,idle
1669444036931724763,idle,idle,idle,idle
1669444037031809196,idle,idle,idle,idle
1669444037131847097,idle,idle,idle,idle
1669444037231953821,idle,idle,idle,idle
1669444037332031737,idle,idle,idle,idle
1669444037432106596,idle,idle,idle,idle
1669444037532182155,idle,idle,idle,idle
1669444037632269905,idle,idle,idle,idle
1669444037732349171,idle,idle,idle,idle
1669444037832425825,idle,idle,idle,idle
1669444037932500670,idle,idle,idle,idle
1669444038032575520,idle,idle,idle,idle
1669444038132648782,idle,idle,idle,idle
1669444038232720532,idle,idle,idle,idle
1669444038332794371,idle,idle,idle,idle
1669444038432870309,idle,idle,idle,idle
1669444038532957756,idle,idle,idle,idle
1669444038633038974,idle,idle,idle,idle
1669444038733122265,idle,idle,idle,idle
1669444038833206915,idle,idle,idle,idle
1669444038933298956,idle,idle,idle,idle
1669444039033374792,idle,idle,idle,idle
1669444039133438537,idle,idle,idle,idle
1669444039233519789,idle,idle,idle,idle
1669444039333595002,idle,idle,idle,idle
1669444039433653331,idle,idle,idle,idle
1669444039533728957,idle,idle,idle,idle
1669444039633774304,idle,idle,idle,idle
1669444039733847180,idle,idle,idle,idle
1669444039833893469,idle,idle,idle,idle
1669444039933984879,idle,idle,idle,idle
1669444040034061509,idle,idle,idle,idle
1669444040134143648,idle,idle,idle,idle
1669444040234200964,idle,idle,idle,idle
1669444040334278260,idle,idle,idle,idle
1669444040434359271,idle,idle,idle,idle
1669444040534433024,idle,idle,idle,idle
1669444040634510361,idle,idle,idle,idle
1669444040734595804,idle,idle,idle,idle
1669444040834676808,idle,idle,idle,idle
1669444040934750952,idle,idle,idle,idle
1669444041034827704,idle,idle,idle,idle
1669444041134902394,idle,idle,idle,idle
1669444041234983065,idle,idle,idle,idle
1669444041335063401,idle,idle,idle,idle
1669444041435143555,idle,idle,idle,idle
1669444041535223733,idle,idle,idle,idle
1669444041635289055,idle,idle,idle,idle
1669444041735363006,idle,idle,idle,idle
1669444041835440215,idle,idle,idle,idle
1669444041935517032,idle,idle,idle,idle
1669444042035576300,idle,idle,idle,idle
1669444042135847593,idle,idle,idle,idle
1669444042235901352,idle,idle,idle,idle
1669444042336293356,idle,idle,idle,idle
1669444042436397824,idle,idle,idle,idle
1669444042536491648,idle,idle,idle,idle
1669444042636566034,idle,idle,idle,idle
1669444042736646769,idle,idle,idle,idle
1669444042836733272,idle,idle,idle,idle
1669444042936818007,idle,idle,idle,idle
1669444043036895744,idle,idle,idle,idle
1669444043136971660,idle,idle,idle,idle
1669444043237051422,idle,idle,idle,idle
1669444043337126662,idle,idle,idle,idle
1669444043437215742,idle,idle,idle,idle
1669444043537293873,idle,idle,idle,idle
1669444043637376071,idle,idle,idle,idle
1669444043737488523,idle,idle,idle,idle
1669444043837562785,idle,idle,idle,idle
1669444043937635590,idle,idle,idle,idle
1669444044037715099,idle,idle,idle,idle
1669444044137809756,idle,idle,idle,idle
1669444044237933266,idle,idle,idle,idle
1669444044337968714,idle,idle,idle,idle
1669444044438048987,idle,idle,idle,idle
1669444044538106041,idle,idle,idle,idle
1669444044638182314,idle,idle,idle,idle
1669444044738257494,idle,idle,idle,idle
1669444044838337833,idle,idle,idle,idle
1669444044938426328,idle,idle,idle,idle
1669444045038503509,idle,idle,idle,idle
1669444045138596635,idle,idle,idle,idle
1669444045238672899,idle,idle,idle,idle
1669444045338750789,idle,idle,idle,idle
1669444045438828702,idle,idle,idle,idle
1669444045538908206,idle,idle,idle,idle
1669444045638950105,idle,idle,idle,idle
1669444045738990493,idle,idle,idle,idle
1669444045839074983,idle,idle,idle,idle
1669444045939157035,idle,idle,idle,idle
1669444046039230922,idle,idle,idle,idle
1669444046139307424,idle,idle,idle,idle
1669444046239389738,idle,idle,idle,idle
1669444046339473679,idle,idle,idle,idle
1669444046439548609,idle,idle,idle,idle
1669444046539609344,idle,idle,idle,idle
1669444046639687390,idle,idle,idle,idle
1669444046739761959,idle,idle,idle,idle
1669444046839842869,idle,idle,idle,idle
1669444046939906926,idle,idle,idle,idle
1669444047039983363,idle,idle,idle,idle
1669444047140062444,idle,idle,idle,idle
1669444047240142642,idle,idle,idle,idle
1669444047340233348,idle,idle,idle,idle
1669444047440282450,idle,idle,idle,idle
1669444047540343964,idle,idle,idle,idle
1669444047640388048,idle,idle,idle,idle
1669444047740493535,idle,idle,idle,idle
1669444047840567926,idle,idle,idle,idle
1669444047940623640,idle,idle,idle,idle
1669444048040702827,idle,idle,idle,idle
1669444048140781667,idle,idle,idle,idle
1669444048240819338,idle,idle,idle,idle
1669444048340900964,idle,idle,idle,idle
1669444048440951779,idle,idle,idle,idle
1669444048541035325,idle,idle,idle,idle
1669444048641130416,idle,idle,idle,idle
1669444048741213609,idle,idle,idle,idle
1669444048841274473,idle,idle,idle,idle
1669444048941353107,idle,idle,idle,idle
1669444049041408723,idle,idle,idle,idle
1669444049141493405,idle,idle,idle,idle
1669444049241574668,idle,idle,idle,idle
1669444049341650675,idle,idle,idle,idle
1669444049441731250,idle,idle,idle,idle
1669444049541855623,idle,idle,idle,idle
1669444049641933316,idle,idle,idle,idle
1669444049741991799,idle,idle,idle,idle
1669444049842034834,idle,idle,idle,idle
1669444049942114787,idle,idle,idle,idle
1669444050042183138,idle,idle,idle,idle
1669444050142266157,idle,idle,idle,idle
1669444050242358168,idle,idle,idle,idle
1669444050342435375,idle,idle,idle,idle
1669444050442505941,idle,idle,idle,idle
1669444050542592254,idle,idle,idle,idle
1669444050642674551,idle,idle,idle,idle
1669444050742764148,idle,idle,idle,idle
1669444050842866084,idle,idle,idle,idle
1669444050942948180,idle,idle,idle,idle
1669444051043027709,idle,idle,idle,idle
1669444051143098573,idle,idle,idle,idle
1669444051243179561,idle,idle,idle,idle
1669444051343230405,idle,idle,idle,idle
1669444051443351485,idle,idle,idle,idle
1669444051543490150,idle,idle,idle,idle
1669444051643565566,idle,idle,idle,idle
1669444051743646338,idle,idle,idle,idle
1669444051843683898,idle,idle,idle,idle
1669444051943727247,idle,idle,idle,idle
1669444052043756991,idle,idle,idle,idle
1669444052143839859,idle,idle,idle,idle
1669444052243925173,idle,idle,idle,idle
1669444052344009231,idle,idle,idle,idle
1669444052444053057,idle,idle,idle,idle
1669444052544089338,idle,idle,idle,idle
1669444052644174005,idle,idle,idle,idle
1669444052744305206,idle,idle,idle,idle
1669444052844424271,idle,idle,idle,idle
1669444052944481284,idle,idle,idle,idle
1669444053044538139,idle,idle,idle,idle
1669444053144621001,idle,idle,idle,idle
1669444053244705244,idle,idle,idle,idle
1669444053344758383,idle,idle,idle,idle
1669444053444829465,idle,idle,idle,idle
1669444053544910832,idle,idle,idle,idle
1669444053644991093,idle,idle,idle,idle
1669444053745076292,idle,idle,idle,idle
1669444053845157794,idle,idle,idle,idle
1669444053945244679,idle,idle,idle,idle
1669444054045347991,idle,idle,idle,idle
1669444054145389891,idle,idle,idle,idle
1669444054245480924,idle,idle,idle,idle
1669444054345533994,idle,idle,idle,idle
1669444054445603561,idle,idle,idle,idle
1669444054545684619,idle,idle,idle,idle
1669444054645770215,idle,idle,idle,idle
1669444054745856997,idle,idle,idle,idle
1669444054845945349,idle,idle,idle,idle
1669444054946021168,idle,idle,idle,idle
1669444055046097579,idle,idle,idle,idle
1669444055146184619,idle,idle,idle,idle
1669444055246265611,idle,idle,idle,idle
1669444055346345592,idle,idle,idle,idle
1669444055446423839,idle,idle,idle,idle
1669444055546503196,idle,idle,idle,idle
1669444055646553997,idle,idle,idle,idle
1669444055746626591,idle,idle,idle,idle
1669444055846683427,idle,idle,idle,idle
1669444055946762338,idle,idle,idle,idle
1669444056046819781,idle,idle,idle,idle
1669444056146895217,idle,idle,idle,idle
1669444056246973509,idle,idle,idle,idle
1669444056347058313,idle,idle,idle,idle
1669444056447090911,idle,idle,idle,idle
1669444056547126805,idle,idle,idle,idle
1669444056647202520,idle,idle,idle,idle
1669444056747282405,idle,idle,idle,idle
1669444056847361012,idle,idle,idle,idle
1669444056947440897,idle,idle,idle,idle
1669444057047479435,idle,idle,idle,idle
1669444057147564385,idle,idle,idle,idle
1669444057247648172,idle,idle,idle,idle
1669444057347739125,idle,idle,idle,idle
1669444057447819463,idle,idle,idle,idle
1669444057547901831,idle,idle,idle,idle
1669444057647980438,idle,idle,idle,idle
1669444057748028880,idle,idle,idle,idle
1669444057848082012,idle,idle,idle,idle
1669444057948164262,idle,idle,idle,idle
1669444058048252319,idle,idle,idle,idle
1669444058148344526,idle,idle,idle,idle
1669444058248723166,idle,idle,idle,idle
1669444058348836215,idle,idle,idle,idle
1669444058448941167,idle,idle,idle,idle
1669444058549058582,idle,idle,idle,idle
1669444058649147600,idle,idle,idle,idle
1669444058749244992,idle,idle,idle,idle
1669444058849341089,idle,idle,idle,idle
1669444058949443691,idle,idle,idle,idle
1669444059049526233,idle,idle,idle,idle
1669444059149555280,idle,idle,idle,idle
1669444059249641559,idle,idle,idle,idle
1669444059349716721,idle,idle,idle,idle
1669444059449797694,idle,idle,idle,idle
1669444059549875120,idle,idle,idle,idle
1669444059649956928,idle,idle,idle,idle
1669444059750005305,idle,idle,idle,idle
1669444059850091110,idle,prediction:3,idle,/internal/task0:1
1669444059950172989,idle,prediction:103,idle,idle
1669444060050254548,idle,prediction:203,idle,idle
1669444060150295354,idle,prediction:303,idle,idle
1669444060250376973,idle,prediction:403,idle,idle
1669444060350467997,idle,prediction:503,idle,idle
1669444060450583389,idle,prediction:603,idle,idle
1669444060550678552,idle,prediction:703,idle,idle
1669444060650754482,idle,prediction:803,idle,idle
1669444060750834768,idle,prediction:903,idle,idle
1669444060850879973,idle,prediction:1004,idle,idle
1669444060950958950,idle,prediction:1104,idle,idle
1669444061051036572,idle,prediction:1204,idle,idle
1669444061151113539,idle,prediction:1304,idle,idle
1669444061251192167,idle,prediction:1404,idle,idle
1669444061351246854,idle,prediction:1504,idle,idle
1669444061451306298,idle,prediction:1604,idle,idle
1669444061551383587,idle,prediction:1704,idle,idle
1669444061651460635,idle,prediction:1804,idle,idle
1669444061751541971,idle,prediction:1904,idle,idle
1669444061851628041,idle,prediction:2004,idle,idle
1669444061951734006,idle,/internal/task0:4,idle,idle
1669444062051823595,idle,idle,idle,idle
1669444062151909606,idle,idle,idle,idle
1669444062251983016,idle,idle,idle,idle
1669444062352062598,idle,idle,idle,idle
1669444062452141792,idle,idle,idle,idle
1669444062552228654,idle,idle,idle,idle
1669444062652308498,idle,idle,idle,idle
1669444062752381162,idle,idle,idle,idle
1669444062852456712,idle,idle,idle,idle
1669444062952529858,idle,idle,idle,idle
1669444063052607885,idle,idle,idle,idle
1669444063152683671,idle,/internal/task0:0,prediction:1,idle
1669444063252758882,idle,idle,idle,idle
1669444063352821789,idle,idle,idle,idle
1669444063452895409,idle,idle,idle,idle
1669444063552941346,idle,idle,idle,idle
1669444063653026505,idle,idle,idle,idle
1669444063753106651,idle,idle,idle,idle
1669444063853156294,idle,idle,idle,idle
1669444063953202342,idle,prediction:1,idle,idle
1669444064053280746,idle,idle,idle,idle
1669444064153356849,idle,idle,idle,idle
1669444064253399551,idle,idle,idle,idle
1669444064353479690,idle,idle,idle,idle
1669444064453561963,idle,idle,idle,idle
1669444064553635734,idle,idle,idle,idle
1669444064653708535,idle,idle,idle,idle
1669444064753795514,idle,idle,idle,idle
1669444064853890948,idle,idle,idle,idle
1669444064953969980,idle,idle,idle,idle
1669444065054045195,idle,idle,idle,idle
1669444065154102103,idle,idle,idle,idle
1669444065254185867,idle,idle,idle,idle
1669444065354269299,idle,idle,idle,idle
1669444065454329317,idle,idle,idle,idle
1669444065554414139,idle,idle,idle,idle
1669444065654481627,idle,idle,idle,idle
1669444065754568477,idle,idle,idle,idle
1669444065854657621,idle,prediction:3,/internal/task0:2,idle
1669444065954740027,idle,idle,idle,idle
1669444066054794240,idle,idle,idle,prediction:11
1669444066154876622,idle,idle,idle,idle
1669444066254952572,idle,idle,idle,idle
1669444066355030902,idle,idle,idle,idle
1669444066455111312,prediction:4,idle,idle,idle
1669444066555148259,idle,idle,idle,idle
1669444066655225256,idle,idle,idle,idle
1669444066755285740,idle,idle,idle,idle
1669444066855343955,idle,idle,idle,idle
1669444066955428972,prediction:9,idle,idle,idle
1669444067055509070,idle,idle,idle,idle
1669444067155564540,idle,idle,idle,idle
1669444067255652395,idle,idle,idle,idle
1669444067356436205,idle,idle,idle,idle
1669444067456513227,idle,idle,idle,idle
1669444067556578597,idle,idle,idle,idle
1669444067656656282,idle,idle,idle,idle
1669444067756747544,idle,idle,idle,idle
1669444067856807707,idle,idle,idle,idle
1669444067956862807,idle,idle,idle,idle
1669444068056949228,idle,idle,idle,idle
1669444068157015817,idle,idle,idle,idle
1669444068257260380,idle,idle,idle,idle
1669444068357329074,idle,idle,idle,idle
1669444068457411110,idle,idle,idle,idle
1669444068557500864,idle,idle,idle,idle
1669444068657579445,idle,idle,idle,idle
1669444068757624342,idle,prediction:0,idle,idle
1669444068857682687,idle,idle,idle,idle
1669444068957753087,idle,idle,idle,idle
1669444069057836142,idle,idle,idle,idle
1669444069157914033,idle,idle,idle,idle
1669444069257992011,idle,idle,idle,idle
1669444069358070611,idle,idle,idle,idle
1669444069458158754,idle,idle,idle,idle
1669444069558240781,prediction:4,idle,idle,idle
1669444069658317835,idle,idle,idle,idle
1669444069758394175,idle,idle,idle,idle
1669444069858476044,idle,idle,idle,idle
1669444069958574279,idle,idle,idle,idle
1669444070058610229,idle,idle,idle,prediction:5
1669444070158689190,idle,idle,idle,idle
1669444070258765789,idle,idle,idle,idle
1669444070358857597,idle,idle,idle,idle
1669444070458951463,idle,idle,idle,idle
1669444070559024666,idle,idle,idle,idle
1669444070659056841,/internal/task0:0,idle,prediction:2,idle
1669444070759138884,idle,idle,idle,idle
1669444070859210305,idle,idle,idle,idle
1669444070959306425,idle,idle,idle,idle
1669444071059381307,idle,idle,idle,idle
1669444071159463670,idle,idle,idle,prediction:4
1669444071259545206,idle,idle,idle,idle
1669444071359577843,idle,idle,/internal/task0:2,idle
1669444071459651929,idle,idle,idle,idle
1669444071559747812,/internal/task0:3,idle,idle,idle
1669444071659813200,idle,idle,idle,idle
1669444071759891252,idle,idle,idle,idle
1669444071859978049,idle,idle,idle,idle
1669444071960066191,idle,idle,idle,idle
1669444072060158835,idle,idle,idle,idle
1669444072160242475,/internal/task0:0,idle,idle,idle
1669444072260321862,idle,idle,idle,idle
1669444072360387088,idle,idle,idle,idle
1669444072460469171,idle,idle,idle,idle
1669444072560539107,idle,idle,idle,idle
1669444072660615645,idle,idle,idle,idle
1669444072760691441,idle,idle,idle,idle
1669444072860731582,idle,idle,idle,idle
1669444072960811314,idle,idle,idle,idle
1669444073060848753,idle,idle,idle,idle
1669444073160924735,idle,idle,idle,idle
1669444073261341475,idle,idle,idle,idle
1669444073361400670,idle,idle,idle,idle
1669444073461450400,idle,idle,idle,idle
1669444073561501388,idle,idle,idle,idle
1669444073661586896,idle,idle,idle,idle
1669444073761666773,idle,idle,idle,idle
1669444073861702772,idle,idle,idle,idle
1669444073961732055,idle,idle,idle,idle
1669444074061794056,idle,idle,idle,idle
1669444074161870026,idle,idle,idle,idle
1669444074261956146,idle,idle,idle,idle
1669444074362051983,idle,idle,idle,idle
1669444074462128404,idle,idle,idle,idle
1669444074562209143,idle,idle,idle,idle
1669444074662289320,idle,idle,idle,idle
1669444074762375308,idle,idle,idle,idle
1669444074862461056,idle,idle,idle,idle
1669444074962510282,idle,idle,idle,idle
1669444075062583804,idle,idle,idle,idle
1669444075162662823,idle,idle,idle,idle
1669444075262737702,idle,idle,idle,idle
1669444075362814508,idle,idle,idle,idle
1669444075462898154,idle,idle,prediction:4,/internal/task0:2
1669444075562978511,idle,idle,idle,idle
1669444075663057029,idle,idle,idle,idle
1669444075763124074,idle,idle,idle,idle
1669444075863194967,prediction_/apollo/localization/pose:18446744073709,idle,idle,idle
1669444075963281357,idle,idle,idle,idle
1669444076063355231,idle,idle,idle,idle
1669444076163412364,idle,idle,idle,idle
1669444076263472157,idle,idle,idle,idle
1669444076363545427,idle,idle,idle,idle
1669444076463618921,idle,idle,idle,idle
1669444076563688489,idle,idle,idle,idle
1669444076663765045,idle,idle,idle,idle
1669444076763801123,idle,idle,idle,idle
1669444076863875776,idle,idle,idle,idle
1669444076963927617,idle,idle,idle,idle
1669444077063969728,idle,idle,idle,idle
1669444077164030137,idle,idle,idle,idle
1669444077264102407,idle,idle,idle,idle
1669444077364145547,prediction:0,idle,idle,idle
1669444077464202410,idle,idle,idle,idle
1669444077564291915,idle,idle,idle,idle
1669444077664374869,idle,idle,idle,idle
1669444077764452618,idle,idle,idle,idle
1669444077864516263,idle,idle,idle,idle
1669444077964552348,idle,idle,idle,idle
1669444078064654066,idle,idle,idle,idle
1669444078164729499,idle,idle,idle,idle
1669444078264810236,idle,idle,idle,idle
1669444078364897759,idle,idle,idle,idle
1669444078464965395,idle,idle,idle,idle
1669444078565046838,idle,idle,idle,idle
1669444078665102800,idle,idle,idle,idle
1669444078765179311,idle,idle,idle,idle
1669444078865252490,idle,idle,idle,idle
1669444078965314548,idle,idle,idle,idle
1669444079065404554,idle,idle,idle,idle
1669444079165465472,idle,idle,idle,idle
1669444079265537065,idle,idle,idle,idle
1669444079365619160,idle,idle,idle,idle
1669444079465697896,idle,idle,idle,idle
1669444079565785191,idle,idle,idle,idle
1669444079665847677,idle,idle,idle,idle
1669444079765905715,idle,idle,idle,idle
1669444079865962188,idle,idle,idle,idle
1669444079966041473,idle,idle,idle,idle
1669444080066111594,idle,idle,idle,idle
1669444080166196975,idle,idle,idle,idle
1669444080266276631,idle,idle,idle,idle
1669444080366353054,idle,idle,idle,idle
1669444080466404594,/internal/task0:2,idle,idle,prediction:3
1669444080566479648,idle,idle,idle,idle
1669444080666563854,idle,idle,idle,idle
1669444080766644973,idle,idle,idle,idle
1669444080866726255,idle,idle,idle,idle
1669444080966807620,idle,idle,idle,idle
1669444081066881843,idle,idle,idle,idle
1669444081166959727,idle,idle,idle,idle
1669444081266987763,idle,idle,idle,idle
1669444081367074273,idle,idle,idle,idle
1669444081467149996,idle,idle,idle,idle
1669444081567224381,idle,idle,idle,idle
1669444081667299217,idle,idle,idle,idle
1669444081767375975,idle,idle,idle,idle
1669444081867453794,idle,idle,idle,idle
1669444081967559556,idle,idle,idle,idle
1669444082067686873,idle,idle,idle,idle
1669444082167776078,idle,idle,idle,idle
1669444082267818920,idle,idle,idle,idle
1669444082367894995,idle,idle,idle,idle
1669444082467974373,idle,idle,idle,idle
1669444082568023957,idle,idle,idle,idle
1669444082668102936,idle,idle,idle,idle
1669444082768179278,idle,idle,idle,idle
1669444082868259349,idle,idle,idle,idle
1669444082968334703,idle,idle,idle,idle
1669444083068410488,idle,idle,idle,idle
1669444083168492945,idle,idle,idle,idle
1669444083268583159,idle,idle,idle,idle
1669444083368658311,idle,idle,idle,idle
1669444083468741015,idle,idle,idle,idle
1669444083568830749,idle,idle,idle,idle
1669444083668894627,idle,idle,idle,idle
1669444083768969062,idle,idle,idle,idle
1669444083869014374,/internal/task0:1,prediction:3,idle,idle
1669444083969091984,idle,idle,idle,idle
1669444084069153435,idle,idle,idle,idle
1669444084169194660,idle,idle,idle,idle
1669444084269280399,idle,idle,idle,idle
1669444084369376204,idle,idle,idle,idle
1669444084469452466,idle,idle,idle,idle
1669444084569533148,idle,idle,idle,idle
1669444084669610443,/internal/task0:0,prediction:1,idle,idle
1669444084769692402,idle,idle,idle,idle
1669444084869779080,idle,idle,idle,idle
1669444084969852331,idle,idle,idle,idle
1669444085069927147,idle,idle,idle,idle
1669444085170003371,idle,idle,idle,idle
1669444085270079435,idle,idle,idle,idle
1669444085370140151,idle,idle,idle,idle
1669444085470171457,idle,idle,idle,idle
1669444085570245515,idle,idle,idle,idle
1669444085670322579,idle,idle,idle,idle
1669444085770402568,idle,idle,idle,idle
1669444085870507394,/internal/task0:1,prediction:5,idle,idle
1669444085970597455,idle,idle,idle,idle
1669444086070661331,idle,idle,idle,idle
1669444086170704731,idle,idle,idle,idle
1669444086270781531,idle,idle,idle,idle
1669444086370827649,idle,idle,idle,idle
1669444086470880463,idle,idle,idle,idle
1669444086570961250,idle,idle,idle,idle
1669444086671023861,idle,idle,idle,idle
1669444086771102432,idle,idle,idle,idle
1669444086871187331,idle,idle,idle,idle
1669444086971264413,idle,idle,idle,idle
1669444087071318102,idle,idle,idle,idle
1669444087171395580,idle,idle,idle,idle
1669444087271487475,idle,idle,idle,idle
1669444087371533088,idle,idle,idle,idle
1669444087471609817,idle,idle,idle,idle
1669444087571658448,idle,idle,idle,idle
1669444087671701015,idle,idle,idle,idle
1669444087771775705,idle,idle,idle,idle
1669444087871813336,idle,idle,idle,idle
1669444087971893472,idle,idle,idle,idle
1669444088071959760,idle,idle,idle,idle
1669444088172036481,idle,idle,idle,idle
1669444088272087746,idle,idle,idle,idle
1669444088372134992,idle,idle,idle,idle
1669444088472198462,idle,idle,idle,idle
1669444088572259107,idle,idle,idle,idle
1669444088672331203,idle,idle,idle,idle
1669444088772411513,idle,idle,idle,idle
1669444088872502270,idle,idle,idle,idle
1669444088972535783,idle,idle,idle,idle
1669444089072622961,idle,idle,idle,idle
1669444089172729309,idle,idle,idle,idle
1669444089272804761,idle,idle,idle,idle
1669444089372877897,idle,idle,idle,idle
1669444089472955272,idle,idle,idle,idle
1669444089573042586,idle,idle,idle,idle
1669444089673094967,idle,idle,idle,idle
1669444089773199031,idle,idle,idle,idle
1669444089873277757,idle,idle,idle,idle
1669444089973358523,idle,idle,idle,idle
1669444090073434966,idle,idle,idle,idle
1669444090173505296,idle,idle,idle,idle
1669444090273587505,idle,idle,idle,idle
1669444090373673565,idle,idle,idle,idle
1669444090473756008,idle,idle,idle,idle
1669444090573813327,idle,idle,idle,idle
1669444090673910328,idle,idle,idle,idle
1669444090773988781,idle,idle,idle,idle
1669444090874061831,idle,idle,idle,idle
1669444090974142938,idle,idle,idle,idle
1669444091074226424,idle,idle,idle,idle
1669444091174304777,idle,idle,idle,idle
1669444091274389480,idle,idle,idle,idle
1669444091374478300,idle,idle,idle,idle
1669444091474591951,idle,idle,idle,idle
1669444091574681539,idle,idle,idle,idle
1669444091674779720,idle,idle,idle,idle
1669444091774863225,idle,idle,idle,idle
1669444091874944425,idle,idle,idle,idle
1669444091975015826,idle,idle,idle,idle
1669444092075090607,idle,idle,idle,idle
1669444092175166098,idle,idle,idle,idle
1669444092275245704,idle,idle,idle,idle
1669444092375320521,idle,idle,idle,idle
1669444092475389601,idle,idle,idle,idle
1669444092575467357,idle,idle,idle,idle
1669444092675528837,idle,idle,idle,idle
1669444092775619407,idle,idle,idle,idle
1669444092875702942,idle,/internal/task0:0,idle,idle
1669444092975776744,idle,idle,idle,idle
1669444093075853480,idle,idle,idle,idle
1669444093175897390,idle,idle,idle,idle
1669444093275973584,idle,idle,idle,idle
1669444093376054161,idle,idle,idle,idle
1669444093476130166,idle,idle,idle,idle
1669444093576215514,idle,idle,idle,idle
1669444093676347684,idle,idle,idle,idle
1669444093776462934,idle,idle,idle,idle
1669444093876551490,idle,idle,idle,idle
1669444093976642560,idle,/internal/task1:1,idle,idle
1669444094076719570,idle,idle,idle,idle
1669444094176805800,idle,idle,idle,idle
1669444094276891029,idle,idle,idle,idle
1669444094376997944,idle,idle,idle,idle
1669444094477075671,idle,idle,idle,idle
1669444094577138876,idle,idle,idle,idle
1669444094677223829,idle,idle,idle,idle
1669444094777304930,idle,idle,idle,idle
1669444094877406864,idle,idle,idle,idle
1669444094977491895,idle,idle,idle,idle
1669444095077579617,idle,idle,idle,idle
1669444095177654307,idle,idle,idle,idle
1669444095277729713,idle,idle,idle,idle
1669444095377808938,idle,idle,idle,idle
1669444095477886017,idle,idle,idle,idle
1669444095577961239,idle,idle,idle,idle
1669444095678048313,idle,idle,idle,idle
1669444095778130750,idle,idle,idle,idle
1669444095878183700,idle,idle,idle,idle
1669444095978275049,idle,idle,idle,idle
1669444096078348624,idle,idle,idle,idle
1669444096178431277,idle,idle,idle,idle
1669444096278505974,idle,idle,idle,idle
1669444096378581577,idle,idle,idle,idle
1669444096478656641,idle,idle,idle,idle
1669444096578735562,idle,idle,idle,idle
1669444096678777684,idle,idle,idle,idle
1669444096778855366,idle,idle,idle,idle
1669444096878932324,idle,idle,idle,idle
1669444096979010413,idle,idle,idle,idle
1669444097079087616,idle,idle,idle,idle
1669444097179157250,idle,idle,idle,idle
1669444097279239899,idle,idle,idle,idle
1669444097379275732,idle,idle,/internal/task0:1,idle
1669444097479321781,idle,idle,idle,idle
1669444097579395989,idle,idle,idle,idle
1669444097679442906,idle,idle,idle,idle
1669444097779481908,idle,idle,idle,idle
1669444097879557810,prediction:0,idle,idle,idle
1669444097979658573,idle,idle,idle,idle
1669444098079725833,idle,idle,idle,idle
1669444098179799311,idle,idle,idle,idle
1669444098279877052,idle,idle,idle,idle
1669444098379953190,idle,idle,idle,idle
1669444098480008641,idle,idle,idle,idle
1669444098580046947,idle,idle,idle,idle
1669444098680120415,idle,idle,idle,idle
1669444098780183590,idle,idle,idle,idle
1669444098880281358,idle,idle,idle,idle
1669444098980334047,idle,idle,idle,idle
1669444099080386699,idle,idle,idle,idle
1669444099180444291,idle,idle,idle,idle
1669444099280545582,idle,idle,idle,idle
1669444099380617622,idle,idle,idle,idle
1669444099480652047,idle,idle,idle,idle
1669444099580729825,idle,idle,idle,idle
1669444099680817929,idle,idle,idle,idle
1669444099780887957,idle,idle,idle,idle
1669444099880970876,idle,idle,idle,idle
1669444099981047691,idle,idle,idle,idle
1669444100081103087,idle,idle,idle,idle
1669444100181195434,idle,idle,idle,idle
1669444100281269306,idle,idle,idle,idle
1669444100381332786,idle,idle,idle,idle
1669444100481471042,idle,idle,idle,idle
1669444100581586000,idle,idle,idle,idle
1669444100681646809,idle,idle,idle,idle
1669444100781675069,idle,idle,idle,idle
1669444100881759385,idle,idle,idle,idle
1669444100981849171,idle,idle,idle,idle
1669444101081904882,idle,idle,idle,idle
1669444101181968275,idle,idle,idle,idle
1669444101282015962,idle,idle,idle,idle
1669444101382107058,idle,idle,idle,idle
1669444101482195372,idle,idle,idle,idle
1669444101582292476,idle,idle,idle,idle
1669444101682433640,idle,idle,idle,idle
1669444101782476843,idle,idle,idle,idle
1669444101882573142,idle,idle,/internal/task0:0,idle
1669444101982617548,/internal/task1:0,idle,prediction:1,idle
1669444102082699857,prediction:0,idle,idle,idle
1669444102182779525,idle,idle,idle,idle
1669444102282856000,idle,idle,idle,idle
1669444102382933471,idle,idle,idle,idle
1669444102483010103,idle,idle,idle,idle
1669444102583084286,idle,idle,idle,idle
1669444102683162678,idle,idle,idle,idle
1669444102783248117,idle,idle,idle,idle
1669444102883327341,idle,idle,idle,idle
1669444102983411967,idle,idle,idle,idle
1669444103083489382,idle,idle,idle,/internal/task0:1
1669444103183569377,idle,idle,idle,idle
1669444103283645217,idle,idle,idle,idle
1669444103383729542,idle,idle,idle,idle
1669444103483800299,idle,idle,idle,idle
1669444103583881645,idle,idle,idle,idle
1669444103683960168,idle,idle,idle,idle
1669444103784038407,idle,idle,idle,idle
1669444103884116308,idle,idle,idle,idle
1669444103984201840,idle,idle,idle,idle
1669444104084259645,idle,idle,idle,idle
1669444104184336224,idle,idle,idle,idle
1669444104284412928,idle,idle,idle,idle
1669444104384469033,idle,idle,idle,idle
1669444104484552987,idle,idle,idle,idle
1669444104584616861,idle,idle,idle,idle
1669444104684669476,prediction:0,idle,idle,idle
1669444104784754317,idle,idle,idle,idle
1669444104884843160,idle,idle,idle,idle
1669444104984949258,idle,idle,idle,idle
1669444105085025604,idle,idle,idle,idle
1669444105185104472,idle,idle,idle,idle
1669444105285184644,idle,idle,idle,idle
1669444105385305430,idle,idle,idle,idle
1669444105485365525,idle,idle,idle,idle
1669444105585449960,idle,idle,idle,idle
1669444105685496762,idle,idle,idle,idle
1669444105785574286,idle,idle,idle,idle
1669444105885648256,idle,idle,idle,idle
1669444105985715258,idle,idle,idle,idle
1669444106085804473,idle,idle,idle,idle
1669444106185895765,idle,idle,idle,idle
1669444106285976242,idle,idle,idle,idle
1669444106386055657,idle,idle,idle,idle
1669444106486137690,idle,idle,idle,idle
1669444106586211868,idle,idle,idle,idle
1669444106686292224,idle,idle,idle,idle
1669444106786332302,idle,idle,idle,idle
1669444106886409930,prediction:2,/internal/task0:0,idle,idle
1669444106986500798,idle,idle,idle,idle
1669444107086580884,idle,idle,idle,idle
1669444107186664241,idle,idle,idle,idle
1669444107286709417,idle,idle,idle,idle
1669444107386785735,idle,idle,idle,idle
1669444107486862692,idle,idle,idle,idle
1669444107586916004,idle,idle,idle,idle
1669444107687001623,idle,idle,prediction:0,idle
1669444107787079382,idle,idle,idle,idle
1669444107887137731,idle,idle,idle,idle
1669444107987168879,idle,idle,idle,idle
1669444108087267280,idle,idle,idle,idle
1669444108187325143,idle,idle,idle,idle
1669444108287739484,idle,idle,idle,idle
1669444108387857002,idle,idle,idle,idle
1669444108487940638,idle,idle,idle,idle
1669444108587982561,idle,idle,idle,idle
1669444108688055591,idle,idle,idle,idle
1669444108788137079,idle,idle,idle,idle
1669444108888223839,idle,idle,idle,prediction:0
1669444108988316346,idle,idle,idle,idle
1669444109088404618,idle,idle,idle,idle
1669444109188478167,idle,idle,idle,idle
1669444109288550306,idle,idle,idle,idle
1669444109388645713,idle,idle,idle,idle
1669444109488689943,idle,idle,idle,idle
1669444109588770064,idle,idle,idle,idle
1669444109688854655,idle,idle,idle,idle
1669444109788948442,idle,idle,idle,idle
1669444109889032936,idle,idle,idle,idle
1669444109989118010,idle,idle,idle,idle
1669444110089211987,idle,idle,idle,idle
1669444110189289492,idle,idle,idle,idle
1669444110289364148,idle,idle,idle,idle
1669444110389452675,idle,idle,idle,idle
1669444110489530266,idle,idle,idle,idle
1669444110589597958,idle,idle,idle,idle
1669444110689682613,idle,idle,idle,idle
1669444110789719778,idle,idle,idle,idle
1669444110889814395,idle,idle,idle,idle
1669444110989932024,idle,idle,idle,idle
1669444111090007990,idle,idle,idle,idle
1669444111190100673,idle,idle,idle,idle
1669444111290196576,idle,idle,idle,idle
1669444111390277955,idle,idle,idle,idle
1669444111490352579,idle,idle,idle,idle
1669444111590444167,idle,idle,idle,idle
1669444111690505977,idle,idle,idle,idle
1669444111790561633,idle,idle,idle,idle
1669444111890624831,idle,idle,idle,idle
1669444111990761456,prediction:6,idle,idle,idle
1669444112090896846,prediction:3,/internal/task0:0,idle,idle
1669444112190979762,idle,idle,idle,idle
1669444112291060986,idle,idle,idle,idle
1669444112391146797,idle,idle,idle,idle
1669444112491207689,idle,idle,idle,idle
1669444112591285864,idle,idle,idle,idle
1669444112691365525,idle,idle,idle,idle
1669444112791448317,idle,idle,idle,idle
1669444112891524826,prediction:4,idle,idle,idle
1669444112991606409,idle,idle,idle,idle
1669444113091679521,idle,idle,prediction:7,idle
1669444113191753216,idle,idle,idle,idle
1669444113292018756,idle,idle,/internal/task0:2,prediction:4
1669444113392094287,idle,idle,idle,idle
1669444113492184007,idle,idle,idle,idle
1669444113592279203,idle,idle,idle,idle
1669444113692378423,idle,idle,idle,idle
1669444113792475220,idle,idle,idle,idle
1669444113892552194,idle,idle,idle,idle
1669444113992605429,idle,idle,idle,idle
1669444114092702087,idle,idle,idle,idle
1669444114192792451,idle,idle,idle,idle
1669444114292871191,idle,idle,idle,idle
1669444114392965815,idle,idle,idle,idle
1669444114493044237,idle,idle,idle,idle
1669444114593121383,idle,idle,idle,idle
1669444114693161203,idle,idle,idle,idle
1669444114793250610,idle,idle,idle,idle
1669444114893325394,idle,idle,idle,idle
1669444114993405653,idle,idle,idle,idle
1669444115093502011,idle,idle,idle,idle
1669444115193575666,idle,idle,idle,idle
1669444115293648210,idle,idle,idle,idle
1669444115393725096,idle,idle,idle,idle
1669444115493803903,idle,/internal/task0:0,idle,prediction:3
1669444115593837947,idle,idle,idle,idle
1669444115693913922,idle,idle,idle,idle
1669444115793994461,idle,idle,idle,idle
1669444115894050563,idle,idle,idle,idle
1669444115994117531,idle,idle,idle,idle
1669444116094195200,idle,prediction:13,idle,idle
1669444116194233964,idle,idle,idle,idle
1669444116294330530,prediction:15,idle,idle,idle
1669444116394444094,prediction:7,idle,idle,idle
1669444116494566131,prediction:9,idle,idle,idle
1669444116594641832,idle,idle,idle,idle
1669444116694676985,idle,idle,idle,idle
1669444116794767838,idle,idle,idle,idle
1669444116894852671,idle,idle,idle,idle
1669444116994934484,idle,idle,idle,idle
1669444117095008412,idle,idle,prediction:13,idle
1669444117195111567,idle,idle,idle,idle
1669444117295195049,idle,idle,idle,idle
1669444117395226664,idle,idle,idle,idle
1669444117495312095,idle,prediction:10,idle,idle
1669444117595390489,idle,idle,idle,idle
1669444117695488422,idle,idle,idle,idle
1669444117795624054,idle,idle,idle,idle
1669444117895710907,idle,idle,idle,idle
1669444117995795282,idle,idle,idle,idle
1669444118095889590,idle,idle,idle,idle
1669444118195967178,idle,idle,idle,idle
1669444118296043203,idle,idle,idle,prediction:9
1669444118396080256,idle,idle,idle,idle
1669444118496190024,idle,idle,idle,idle
1669444118596268652,idle,idle,idle,idle
1669444118696371545,idle,idle,idle,idle
1669444118796456472,idle,idle,idle,idle
1669444118896494946,idle,idle,idle,idle
1669444118996570229,idle,idle,idle,idle
1669444119096602578,idle,idle,idle,idle
1669444119196685545,idle,idle,idle,idle
1669444119296765824,idle,idle,idle,idle
1669444119396793356,idle,idle,idle,idle
1669444119496846221,idle,idle,idle,idle
1669444119596948245,idle,idle,idle,idle
1669444119697013844,idle,idle,idle,idle
1669444119797079537,idle,idle,idle,idle
1669444119897138439,idle,idle,idle,idle
1669444119997303095,prediction:5,idle,idle,idle
1669444120097383455,idle,idle,idle,idle
1669444120197566166,idle,idle,idle,idle
1669444120297641454,idle,prediction:18,idle,idle
1669444120397716149,idle,idle,idle,idle
1669444120497788684,idle,idle,prediction:16,idle
1669444120597867493,idle,idle,idle,idle
1669444120697907427,idle,idle,idle,idle
1669444120797962414,prediction:23,idle,idle,idle
1669444120898038512,idle,idle,idle,idle
1669444120998116281,idle,idle,idle,idle
1669444121098186141,prediction:23,idle,idle,idle
1669444121198261729,idle,idle,idle,idle
1669444121298676622,idle,idle,idle,prediction:18
1669444121398778904,idle,idle,idle,idle
1669444121498856511,idle,idle,idle,idle
1669444121598936878,idle,idle,idle,idle
1669444121699026735,idle,idle,idle,idle
1669444121799132765,idle,idle,idle,idle
1669444121899199151,idle,idle,idle,idle
1669444121999272681,idle,idle,idle,idle
1669444122099347924,idle,idle,idle,idle
1669444122199426664,idle,idle,idle,idle
1669444122299512605,idle,idle,idle,idle
1669444122399623225,idle,idle,idle,idle
1669444122499706632,idle,idle,idle,idle
1669444122599779840,idle,idle,idle,idle
1669444122699867061,idle,idle,idle,idle
1669444122799977048,idle,idle,idle,idle
1669444122900026952,idle,idle,idle,idle
1669444123000104819,idle,idle,idle,idle
1669444123100185692,idle,idle,idle,idle
1669444123200263115,idle,idle,idle,idle
1669444123300342030,idle,idle,idle,idle
1669444123400417415,idle,idle,idle,idle
1669444123500496921,idle,idle,idle,idle
1669444123600569153,idle,idle,idle,idle
1669444123700644028,idle,idle,idle,idle
1669444123800720636,idle,idle,idle,idle
1669444123900800371,idle,idle,idle,idle
1669444124000838317,idle,idle,idle,idle
1669444124100887918,idle,idle,idle,idle
1669444124200967324,idle,idle,idle,idle
1669444124301034590,idle,idle,idle,idle
1669444124401108556,idle,idle,prediction:10,idle
1669444124501183785,idle,idle,idle,idle
1669444124601265465,idle,idle,idle,idle
1669444124701348196,prediction:4,idle,idle,idle
1669444124801457970,idle,idle,idle,idle
1669444124901501919,idle,idle,idle,idle
1669444125001575103,idle,idle,idle,idle
1669444125101652863,idle,idle,idle,idle
1669444125201738182,idle,idle,idle,idle
1669444125301812452,idle,idle,idle,idle
1669444125401867026,idle,idle,idle,idle
1669444125501947412,idle,idle,idle,prediction:11
1669444125601996548,idle,idle,idle,idle
1669444125702079116,idle,idle,idle,idle
1669444125802154560,idle,idle,idle,idle
1669444125902230568,idle,/internal/task0:1,prediction:4,idle
1669444126002327360,idle,idle,idle,idle
1669444126102421513,idle,idle,idle,idle
1669444126202504056,idle,idle,idle,idle
1669444126302579739,idle,idle,idle,idle
1669444126402665305,idle,idle,idle,prediction:27
1669444126502711590,idle,idle,idle,prediction:21
1669444126602789322,idle,idle,idle,prediction:7
1669444126702868588,idle,idle,idle,idle
1669444126802945057,idle,idle,idle,prediction:24
1669444126903025578,idle,idle,idle,idle
1669444127003100316,idle,idle,idle,prediction:22
1669444127103181003,idle,idle,idle,idle
1669444127203255103,idle,idle,idle,idle
1669444127303333912,prediction:11,idle,idle,idle
1669444127403412881,idle,idle,idle,idle
1669444127503488133,prediction:8,idle,idle,idle
1669444127603565218,idle,idle,idle,idle
1669444127703641144,idle,idle,idle,idle
1669444127803719829,idle,idle,idle,idle
1669444127903799510,idle,idle,idle,idle
1669444128003895882,idle,idle,idle,prediction:5
1669444128103993392,idle,idle,idle,idle
1669444128204053145,idle,idle,idle,prediction:1
1669444128304099592,idle,idle,idle,idle
1669444128404174693,idle,idle,idle,idle
1669444128504251608,idle,idle,idle,idle
1669444128604357834,idle,idle,idle,idle
1669444128704472833,idle,idle,idle,idle
1669444128804566660,idle,idle,idle,idle
1669444128904661934,idle,idle,idle,idle
1669444129004758457,idle,idle,idle,idle
1669444129104879990,idle,idle,idle,idle
1669444129204962821,idle,idle,idle,idle
1669444129305043539,idle,idle,idle,idle
1669444129405124522,idle,idle,idle,idle
1669444129505201879,idle,idle,idle,idle
1669444129605278676,idle,idle,idle,idle
1669444129705326760,idle,idle,idle,idle
1669444129805407373,idle,idle,idle,idle
1669444129905483340,idle,idle,idle,idle
1669444130005570390,idle,idle,idle,idle
1669444130105618865,idle,idle,idle,idle
1669444130205694458,idle,idle,idle,idle
1669444130305757660,idle,idle,idle,idle
1669444130405819208,idle,idle,idle,idle
1669444130505893313,idle,idle,idle,idle
1669444130605954719,idle,idle,idle,idle
1669444130706043663,idle,idle,idle,idle
1669444130806144849,idle,idle,prediction:0,idle
1669444130906218651,idle,idle,idle,idle
1669444131006243985,idle,idle,idle,idle
1669444131106327369,idle,idle,idle,idle
1669444131206387438,idle,idle,idle,idle
1669444131306467490,idle,idle,idle,prediction:10
1669444131406555724,idle,idle,idle,idle
1669444131506636257,idle,idle,idle,idle
1669444131606709945,idle,idle,idle,idle
1669444131706786859,idle,idle,idle,idle
1669444131806816623,idle,idle,idle,idle
1669444131906900157,idle,idle,idle,idle
1669444132007002794,idle,idle,idle,idle
1669444132107106185,idle,idle,idle,idle
1669444132207181510,idle,idle,idle,idle
1669444132307260011,idle,idle,idle,idle
1669444132407347252,idle,idle,idle,idle
1669444132507438843,idle,idle,idle,idle
1669444132607520492,idle,idle,idle,idle
1669444132707573998,idle,idle,idle,idle
1669444132807655424,idle,idle,idle,idle
1669444132907733824,idle,idle,idle,idle
1669444133007783404,idle,idle,idle,idle
1669444133107866233,idle,idle,idle,idle
1669444133207949132,idle,idle,idle,idle
1669444133308029767,idle,idle,idle,idle
1669444133408085854,idle,idle,idle,idle
1669444133508170176,idle,idle,idle,idle
1669444133608260540,idle,idle,idle,idle
1669444133708339143,idle,idle,idle,idle
1669444133808410324,idle,idle,idle,idle
1669444133908532053,idle,idle,idle,idle
1669444134008627847,idle,idle,idle,idle
1669444134108703761,idle,idle,idle,idle
1669444134208741642,idle,idle,idle,idle
1669444134308817944,prediction:0,idle,idle,idle
1669444134408899668,idle,idle,idle,idle
1669444134509005765,idle,idle,idle,idle
1669444134609079737,idle,idle,idle,idle
1669444134709155899,idle,idle,idle,idle
1669444134809245809,idle,idle,idle,idle
1669444134909340210,idle,idle,idle,idle
1669444135009419352,idle,idle,idle,idle
1669444135109496985,idle,idle,idle,idle
1669444135209577807,idle,idle,idle,idle
1669444135309652080,idle,idle,idle,idle
1669444135409693122,idle,idle,idle,idle
1669444135509765654,idle,idle,idle,idle
1669444135609844410,idle,idle,idle,idle
1669444135709891536,idle,idle,idle,idle
1669444135809937653,idle,idle,idle,idle
1669444135910028139,idle,idle,idle,idle
1669444136010102191,idle,idle,idle,idle
1669444136110167798,idle,idle,idle,idle
1669444136210242750,idle,idle,idle,idle
1669444136310318510,idle,idle,idle,idle
1669444136410441560,idle,idle,idle,idle
1669444136510502128,idle,idle,idle,idle
1669444136610581519,idle,idle,idle,idle
1669444136710662028,idle,idle,idle,idle
1669444136810737336,idle,idle,idle,idle
1669444136910769115,prediction:1,idle,idle,idle
1669444137010826207,idle,idle,idle,idle
1669444137110918292,idle,idle,idle,idle
1669444137211009109,idle,idle,idle,idle
1669444137311049400,idle,idle,idle,idle
1669444137411094605,idle,idle,idle,idle
1669444137511178710,idle,idle,idle,idle
1669444137611269386,idle,idle,idle,idle
1669444137711328380,idle,idle,idle,idle
1669444137811406857,idle,idle,idle,idle
1669444137911475433,idle,prediction:8,idle,idle
1669444138011563215,idle,idle,idle,idle
1669444138111915252,idle,idle,idle,idle
1669444138212007926,idle,idle,idle,idle
1669444138312114716,idle,idle,idle,idle
1669444138412202550,idle,idle,idle,idle
1669444138512296721,idle,idle,idle,idle
1669444138612371759,idle,idle,idle,idle
1669444138712455078,idle,idle,idle,idle
1669444138812533339,idle,idle,idle,idle
1669444138912610553,idle,idle,idle,idle
1669444139012688535,idle,idle,idle,idle
1669444139112769434,prediction:5,idle,idle,idle
1669444139212855708,idle,idle,idle,idle
1669444139312919831,idle,idle,idle,idle
1669444139413002296,idle,idle,idle,idle
1669444139513049361,idle,idle,idle,idle
1669444139613134292,idle,idle,idle,idle
1669444139713231400,idle,idle,idle,idle
1669444139813291510,idle,idle,idle,idle
1669444139913371452,idle,idle,idle,idle
1669444140013445007,idle,idle,idle,idle
1669444140113505774,idle,idle,idle,idle
1669444140213595240,idle,idle,idle,idle
1669444140313649996,idle,idle,idle,prediction:17
1669444140413726534,idle,idle,idle,idle
1669444140513799354,idle,idle,idle,idle
1669444140613875287,idle,idle,idle,idle
1669444140713951961,idle,idle,idle,idle
1669444140814040278,idle,idle,idle,idle
1669444140914123276,idle,idle,idle,idle
1669444141014197186,idle,idle,idle,idle
1669444141114274893,idle,idle,idle,idle
1669444141214359117,idle,idle,idle,idle
1669444141314406268,idle,idle,idle,idle
1669444141414738508,idle,idle,idle,idle
1669444141514783261,idle,idle,idle,idle
1669444141614881568,idle,idle,idle,idle
1669444141714985150,idle,idle,idle,idle
1669444141815063996,idle,idle,idle,idle
1669444141915099015,idle,idle,idle,idle
1669444142015175513,idle,idle,prediction:0,idle
1669444142115260098,idle,idle,idle,idle
1669444142215342567,idle,prediction:1,idle,idle
1669444142315429725,idle,idle,idle,idle
1669444142415475534,idle,idle,idle,idle
1669444142515556718,idle,idle,idle,idle
1669444142615631653,idle,idle,idle,prediction:1
1669444142715709794,idle,idle,idle,idle
1669444142815794555,idle,idle,idle,idle
1669444142915870881,idle,idle,idle,idle
1669444143015948731,idle,idle,idle,idle
1669444143116027898,idle,idle,idle,idle
1669444143216153094,idle,prediction:2,idle,idle
1669444143316261503,idle,idle,idle,idle
1669444143416302936,idle,idle,idle,idle
1669444143516382073,idle,idle,idle,idle
1669444143616462094,idle,idle,idle,idle
1669444143716538362,idle,idle,idle,idle
1669444143816612215,idle,idle,idle,idle
1669444143916693906,idle,idle,idle,idle
1669444144016782371,idle,idle,idle,idle
1669444144116817734,idle,idle,idle,prediction:6
1669444144216904985,idle,idle,idle,idle
1669444144316990114,idle,idle,idle,prediction:1
1669444144417071653,idle,idle,idle,idle
1669444144517145950,idle,idle,idle,idle
1669444144617177987,idle,idle,idle,idle
1669444144717253757,idle,idle,idle,idle
1669444144817328112,idle,prediction:0,idle,idle
1669444144917401455,idle,idle,idle,idle
1669444145017479102,idle,idle,idle,idle
1669444145117553887,idle,idle,idle,idle
1669444145217584857,idle,idle,idle,idle
1669444145317619207,idle,idle,idle,idle
1669444145417700849,idle,idle,idle,idle
1669444145517781973,idle,idle,idle,idle
1669444145617855318,idle,idle,idle,idle
1669444145717892521,idle,idle,idle,idle
1669444145817929441,idle,idle,idle,idle
1669444145918003566,idle,idle,idle,idle
1669444146018051035,idle,idle,idle,idle
1669444146118142292,idle,idle,idle,idle
1669444146218307089,idle,idle,idle,idle
1669444146318383990,idle,idle,idle,idle
1669444146418460558,idle,idle,idle,idle
1669444146518511994,idle,idle,idle,idle
1669444146618562493,idle,idle,idle,idle
1669444146718643797,idle,idle,idle,idle
1669444146818722305,idle,idle,idle,idle
1669444146918797650,idle,idle,idle,idle
1669444147018918723,idle,idle,idle,idle
1669444147119030302,idle,idle,idle,idle
1669444147219104991,idle,idle,idle,idle
1669444147319179910,idle,idle,idle,idle
1669444147419267664,idle,idle,idle,idle
1669444147519402047,idle,idle,idle,idle
1669444147619481913,idle,idle,idle,idle
1669444147719558551,idle,idle,idle,idle
1669444147819633217,idle,idle,prediction:1,/internal/task0:0
1669444147919662876,idle,idle,idle,idle
1669444148019750309,idle,idle,idle,idle
1669444148119826621,idle,idle,idle,idle
1669444148219901325,idle,idle,idle,idle
1669444148319979725,idle,idle,idle,idle
1669444148420069818,idle,idle,idle,idle
1669444148520157444,idle,idle,idle,idle
1669444148620243008,idle,idle,idle,idle
1669444148720318713,idle,idle,idle,idle
1669444148820554870,idle,idle,idle,idle
1669444148920640224,idle,idle,idle,idle
1669444149020721263,idle,idle,idle,idle
1669444149120782015,idle,idle,idle,idle
1669444149220865720,idle,idle,idle,idle
1669444149320904233,idle,idle,idle,idle
1669444149420981059,idle,idle,idle,idle
1669444149521078905,idle,idle,idle,idle
1669444149621130855,idle,idle,idle,idle
1669444149721193385,idle,idle,idle,idle
1669444149821272170,idle,idle,idle,idle
1669444149921321312,idle,idle,idle,idle
1669444150021399262,prediction:7,idle,idle,idle
1669444150121442026,idle,idle,idle,idle
1669444150221532158,prediction:9,idle,idle,idle
1669444150321611597,idle,idle,idle,idle
1669444150421654401,idle,idle,idle,idle
1669444150521728318,idle,idle,idle,idle
1669444150621801414,idle,idle,idle,idle
1669444150721878697,idle,idle,idle,idle
1669444150821958753,idle,idle,idle,idle
1669444150922036515,idle,idle,idle,idle
1669444151022300136,idle,idle,idle,idle
1669444151122390467,idle,idle,idle,idle
1669444151222453538,idle,idle,idle,idle
1669444151322482997,idle,idle,idle,idle
1669444151422552968,idle,idle,idle,idle
1669444151522627566,idle,idle,idle,idle
1669444151622709805,idle,idle,idle,idle
1669444151722768531,idle,idle,idle,idle
1669444151822857202,idle,idle,idle,idle
1669444151922975050,idle,idle,idle,idle
1669444152023011947,idle,idle,idle,idle
1669444152123090160,idle,idle,idle,idle
1669444152223165643,idle,idle,idle,idle
1669444152323251561,idle,idle,idle,idle
1669444152423340586,idle,idle,idle,idle
1669444152523411696,idle,idle,idle,idle
1669444152623482641,idle,idle,idle,idle
1669444152723557102,idle,idle,idle,idle
1669444152823615089,idle,idle,idle,idle
1669444152923693318,idle,idle,idle,idle
1669444153023783735,idle,idle,idle,idle
1669444153123830341,idle,idle,idle,idle
1669444153223909417,idle,idle,idle,idle
1669444153323963674,idle,idle,idle,idle
1669444153424011978,idle,idle,idle,idle
1669444153524090031,idle,idle,idle,idle
1669444153624178473,idle,idle,idle,idle
1669444153724278470,idle,idle,idle,idle
1669444153824352573,idle,idle,idle,idle
1669444153924396202,idle,idle,idle,idle
1669444154024481083,idle,idle,idle,idle
1669444154124569677,idle,idle,idle,idle
1669444154224661295,idle,idle,idle,idle
1669444154324745681,idle,idle,idle,idle
1669444154424833616,idle,idle,idle,idle
1669444154524877520,idle,idle,idle,idle
1669444154624955648,idle,idle,idle,idle
1669444154725040318,idle,idle,idle,idle
1669444154825149280,idle,idle,idle,idle
1669444154925233724,idle,idle,idle,idle
1669444155025284134,idle,idle,idle,idle
1669444155125377415,idle,idle,idle,idle
1669444155225461319,idle,idle,idle,idle
1669444155325535703,idle,idle,idle,idle
1669444155425614885,idle,idle,idle,idle
1669444155525695586,idle,idle,idle,idle
1669444155625798195,idle,idle,idle,idle
1669444155725876677,idle,idle,idle,idle
1669444155825959541,idle,idle,idle,idle
1669444155926035621,idle,idle,idle,idle
1669444156026120450,idle,idle,idle,idle
1669444156126203104,idle,idle,idle,idle
1669444156226278158,idle,idle,idle,idle
1669444156326336402,idle,idle,idle,idle
1669444156426414469,idle,idle,idle,idle
1669444156526459175,idle,idle,idle,idle
1669444156626502092,idle,idle,idle,idle
1669444156726566224,idle,idle,idle,idle
1669444156826645383,idle,idle,idle,idle
1669444156926713942,idle,idle,idle,idle
1669444157026795418,idle,idle,idle,idle
1669444157126874548,idle,idle,idle,idle
1669444157226953852,idle,idle,idle,idle
1669444157327017950,idle,idle,idle,idle
1669444157427069858,idle,idle,idle,idle
1669444157527149372,idle,idle,idle,idle
1669444157627192860,idle,idle,idle,idle
1669444157727274409,idle,idle,idle,idle
1669444157827362632,idle,idle,idle,idle
1669444157927449696,idle,idle,idle,idle
1669444158027528690,idle,idle,idle,idle
1669444158127613070,idle,idle,idle,idle
1669444158227665601,idle,idle,idle,idle
1669444158327705299,idle,idle,idle,idle
1669444158427756319,idle,idle,idle,idle
1669444158527835523,idle,idle,idle,idle
1669444158627912551,idle,idle,idle,idle
1669444158727982929,idle,idle,idle,idle
1669444158828033226,idle,idle,idle,idle
1669444158928109159,idle,idle,idle,idle
1669444159028189968,idle,idle,idle,idle
1669444159128222409,idle,idle,idle,idle
1669444159228318356,idle,idle,idle,idle
1669444159328398311,idle,idle,idle,idle
1669444159428469455,idle,idle,idle,idle
1669444159528566208,idle,idle,idle,idle
