timestamp,task,checkpoint,from_start,from_last
1669444032981003440,trafficlight_front_12mm,start,0,0
1669444033009797181,trafficlight_front_6mm,start,0,0
1669444033037677094,trafficlight_front_6mm,start,0,0
1669444033046784119,trafficlight_front_12mm,start,0,0
1669444033122665464,trafficlight_front_6mm,start,0,0
1669444033124512010,trafficlight_front_12mm,start,0,0
1669444033186484169,trafficlight_front_6mm,start,0,0
1669444033188391166,trafficlight_front_12mm,start,0,0
1669444033251460225,trafficlight_front_12mm,start,0,0
1669444033255790157,trafficlight_front_6mm,start,0,0
1669444033315077857,trafficlight_front_6mm,start,0,0
1669444033316950171,trafficlight_front_12mm,start,0,0
1669444033384909036,trafficlight_front_6mm,start,0,0
1669444033387177105,trafficlight_front_12mm,start,0,0
1669444033451238742,trafficlight_front_12mm,start,0,0
1669444033453044703,trafficlight_front_6mm,start,0,0
1669444033511634983,trafficlight_front_6mm,start,0,0
1669444033517187177,trafficlight_front_12mm,start,0,0
1669444033574679290,trafficlight_front_12mm,start,0,0
1669444033579063715,trafficlight_front_6mm,start,0,0
1669444033653318119,trafficlight_front_6mm,start,0,0
1669444033655120758,trafficlight_front_12mm,start,0,0
1669444033709509361,trafficlight_front_6mm,start,0,0
1669444033711819932,trafficlight_front_12mm,start,0,0
1669444033772481571,trafficlight_front_6mm,start,0,0
1669444033774788954,trafficlight_front_12mm,start,0,0
1669444033838197751,trafficlight_front_6mm,start,0,0
1669444033840531597,trafficlight_front_12mm,start,0,0
1669444033917834303,trafficlight_front_6mm,start,0,0
1669444033919734089,trafficlight_front_12mm,start,0,0
1669444033992327568,trafficlight_front_6mm,start,0,0
1669444033994647982,trafficlight_front_12mm,start,0,0
1669444034070525638,trafficlight_front_6mm,start,0,0
1669444034070544966,trafficlight_front_12mm,start,0,0
1669444034072109777,trafficlight_front_6mm,gpu_start,1584139,1584139
1669444034090260651,trafficlight_front_6mm,gpu_end,19735013,18150874
1669444034090367301,trafficlight_front_6mm,end,19841663,106650
1669444034114999699,trafficlight_front_6mm,start,0,0
1669444034123137887,trafficlight_front_12mm,start,0,0
1669444034185824860,trafficlight_front_6mm,start,0,0
1669444034188132559,trafficlight_front_12mm,start,0,0
1669444034266653010,trafficlight_front_6mm,start,0,0
1669444034268901718,trafficlight_front_6mm,gpu_start,2248708,2248708
1669444034269378518,trafficlight_front_12mm,start,0,0
1669444034299278470,trafficlight_front_6mm,gpu_end,32625460,30376752
1669444034299430768,trafficlight_front_6mm,end,32777758,152298
1669444034336459097,trafficlight_front_6mm,start,0,0
1669444034338779624,trafficlight_front_12mm,start,0,0
1669444034401374414,trafficlight_front_6mm,start,0,0
1669444034403001397,trafficlight_front_6mm,gpu_start,1626983,1626983
1669444034403667701,trafficlight_front_12mm,start,0,0
1669444034435375187,trafficlight_front_6mm,gpu_end,34000773,32373790
1669444034435479361,trafficlight_front_6mm,end,34104947,104174
1669444034471060264,trafficlight_front_12mm,start,0,0
1669444034473463222,trafficlight_front_6mm,start,0,0
1669444034537857066,trafficlight_front_12mm,start,0,0
1669444034542635765,trafficlight_front_6mm,start,0,0
1669444034543840393,trafficlight_front_6mm,gpu_start,1204628,1204628
1669444034571156988,trafficlight_front_6mm,gpu_end,28521223,27316595
1669444034571268708,trafficlight_front_6mm,end,28632943,111720
1669444034628314375,trafficlight_front_6mm,start,0,0
1669444034630720010,trafficlight_front_12mm,start,0,0
1669444034695501127,trafficlight_front_6mm,start,0,0
1669444034697398353,trafficlight_front_6mm,gpu_start,1897226,1897226
1669444034698341070,trafficlight_front_12mm,start,0,0
1669444034726013003,trafficlight_front_6mm,gpu_end,30511876,28614650
1669444034726149846,trafficlight_front_6mm,end,30648719,136843
1669444034759546815,trafficlight_front_6mm,start,0,0
1669444034761531857,trafficlight_front_12mm,start,0,0
1669444034800056724,trafficlight_front_6mm,start,0,0
1669444034802321144,trafficlight_front_12mm,start,0,0
1669444034909412223,trafficlight_front_6mm,start,0,0
1669444034911087474,trafficlight_front_6mm,gpu_start,1675251,1675251
1669444034912496967,trafficlight_front_12mm,start,0,0
1669444034938847242,trafficlight_front_6mm,gpu_end,29435019,27759768
1669444034938956751,trafficlight_front_6mm,end,29544528,109509
1669444034980564534,trafficlight_front_6mm,start,0,0
1669444034982843086,trafficlight_front_12mm,start,0,0
1669444035049930952,trafficlight_front_6mm,start,0,0
1669444035052307501,trafficlight_front_6mm,gpu_start,2376549,2376549
1669444035052679845,trafficlight_front_12mm,start,0,0
1669444035081335642,trafficlight_front_6mm,gpu_end,31404690,29028141
1669444035081451042,trafficlight_front_6mm,end,31520090,115400
1669444035110911049,trafficlight_front_12mm,start,0,0
1669444035114700118,trafficlight_front_6mm,start,0,0
1669444035178043605,trafficlight_front_6mm,start,0,0
1669444035179667218,trafficlight_front_6mm,gpu_start,1623613,1623613
1669444035182808405,trafficlight_front_12mm,start,0,0
1669444035209596094,trafficlight_front_6mm,gpu_end,31552489,29928876
1669444035209711971,trafficlight_front_6mm,end,31668366,115877
1669444035217274157,trafficlight_front_6mm,start,0,0
1669444035221066099,trafficlight_front_12mm,start,0,0
1669444035276287206,trafficlight_front_6mm,start,0,0
1669444035277872126,trafficlight_front_12mm,start,0,0
1669444035412616507,trafficlight_front_6mm,start,0,0
1669444035413404335,trafficlight_front_12mm,start,0,0
1669444035413731030,trafficlight_front_6mm,gpu_start,1114523,1114523
1669444035445997513,trafficlight_front_6mm,gpu_end,33381006,32266483
1669444035446124837,trafficlight_front_6mm,end,33508330,127324
1669444035485287282,trafficlight_front_6mm,start,0,0
1669444035488046602,trafficlight_front_12mm,start,0,0
1669444035546737548,trafficlight_front_6mm,start,0,0
1669444035548037042,trafficlight_front_12mm,start,0,0
1669444035548835232,trafficlight_front_6mm,gpu_start,2097684,2097684
1669444035582302754,trafficlight_front_6mm,gpu_end,35565206,33467522
1669444035582411134,trafficlight_front_6mm,end,35673586,108380
1669444035607671548,trafficlight_front_12mm,start,0,0
1669444035611377694,trafficlight_front_6mm,start,0,0
1669444035666062901,trafficlight_front_6mm,start,0,0
1669444035676938976,trafficlight_front_12mm,start,0,0
1669444035755447493,trafficlight_front_6mm,start,0,0
1669444035756253189,trafficlight_front_12mm,start,0,0
1669444035757815785,trafficlight_front_6mm,gpu_start,2368292,2368292
1669444035813485885,trafficlight_front_6mm,gpu_end,58038392,55670100
1669444035813630762,trafficlight_front_6mm,end,58183269,144877
1669444035813808863,trafficlight_front_6mm,start,0,0
1669444035814996850,trafficlight_front_12mm,start,0,0
1669444035874968730,trafficlight_front_6mm,start,0,0
1669444035876771220,trafficlight_front_12mm,start,0,0
1669444035944980333,trafficlight_front_12mm,start,0,0
1669444035946719089,trafficlight_front_6mm,start,0,0
1669444035948943605,trafficlight_front_6mm,gpu_start,2224516,2224516
1669444035993075326,trafficlight_front_6mm,gpu_end,46356237,44131721
1669444035993194179,trafficlight_front_6mm,end,46475090,118853
1669444036003331899,trafficlight_front_12mm,start,0,0
1669444036005430086,trafficlight_front_6mm,start,0,0
1669444036079874345,trafficlight_front_6mm,start,0,0
1669444036082047361,trafficlight_front_6mm,gpu_start,2173016,2173016
1669444036083003841,trafficlight_front_12mm,start,0,0
1669444036129993787,trafficlight_front_6mm,gpu_end,50119442,47946426
1669444036130210391,trafficlight_front_6mm,end,50336046,216604
1669444036135576642,trafficlight_front_6mm,start,0,0
1669444036137654508,trafficlight_front_12mm,start,0,0
1669444036196598667,trafficlight_front_6mm,start,0,0
1669444036200162537,trafficlight_front_12mm,start,0,0
1669444036260369001,trafficlight_front_6mm,start,0,0
1669444036262383985,trafficlight_front_6mm,gpu_start,2014984,2014984
1669444036263048464,trafficlight_front_12mm,start,0,0
1669444036304478355,trafficlight_front_6mm,gpu_end,44109354,42094370
1669444036304581078,trafficlight_front_6mm,end,44212077,102723
1669444036331558029,trafficlight_front_6mm,start,0,0
1669444036333736774,trafficlight_front_12mm,start,0,0
1669444036376959490,trafficlight_front_6mm,start,0,0
1669444036389647456,trafficlight_front_12mm,start,0,0
1669444036448129576,trafficlight_front_6mm,start,0,0
1669444036449812056,trafficlight_front_6mm,gpu_start,1682480,1682480
1669444036451011704,trafficlight_front_12mm,start,0,0
1669444036512838766,trafficlight_front_6mm,gpu_end,64709190,63026710
1669444036512968506,trafficlight_front_6mm,end,64838930,129740
1669444036513121230,trafficlight_front_6mm,start,0,0
1669444036513174018,trafficlight_front_12mm,start,0,0
1669444036553742739,trafficlight_front_12mm,start,0,0
1669444036556362573,trafficlight_front_6mm,start,0,0
1669444036662368471,trafficlight_front_6mm,start,0,0
1669444036664420936,trafficlight_front_6mm,gpu_start,2052465,2052465
1669444036673600227,trafficlight_front_12mm,start,0,0
1669444036736105928,trafficlight_front_6mm,gpu_end,73737457,71684992
1669444036736218215,trafficlight_front_6mm,end,73849744,112287
1669444036736319582,trafficlight_front_6mm,start,0,0
1669444036736552150,trafficlight_front_12mm,start,0,0
1669444036781846356,trafficlight_front_6mm,start,0,0
1669444036783479689,trafficlight_front_12mm,start,0,0
1669444036849650637,trafficlight_front_6mm,start,0,0
1669444036851270599,trafficlight_front_12mm,start,0,0
1669444036851833270,trafficlight_front_6mm,gpu_start,2182633,2182633
1669444036920100939,trafficlight_front_6mm,gpu_end,70450302,68267669
1669444036920206967,trafficlight_front_6mm,end,70556330,106028
1669444036920307450,trafficlight_front_6mm,start,0,0
1669444036920362132,trafficlight_front_12mm,start,0,0
1669444036991978846,trafficlight_front_6mm,start,0,0
1669444036993701988,trafficlight_front_6mm,gpu_start,1723142,1723142
1669444036993795068,trafficlight_front_12mm,start,0,0
1669444037063452668,trafficlight_front_6mm,gpu_end,71473822,69750680
1669444037063597141,trafficlight_front_6mm,end,71618295,144473
1669444037063733186,trafficlight_front_6mm,start,0,0
1669444037064093138,trafficlight_front_12mm,start,0,0
1669444037131886027,trafficlight_front_12mm,start,0,0
1669444037135787207,trafficlight_front_6mm,start,0,0
1669444037137268671,trafficlight_front_6mm,gpu_start,1481464,1481464
1669444037199385064,trafficlight_front_12mm,start,0,0
1669444037200476020,trafficlight_front_6mm,gpu_end,64688813,63207349
1669444037200707631,trafficlight_front_6mm,end,64920424,231611
1669444037202764578,trafficlight_front_6mm,start,0,0
1669444037276779818,trafficlight_front_12mm,start,0,0
1669444037277979724,trafficlight_front_6mm,start,0,0
1669444037279410073,trafficlight_front_6mm,gpu_start,1430349,1430349
1669444037356360225,trafficlight_front_12mm,start,0,0
1669444037358972506,trafficlight_front_6mm,gpu_end,80992782,79562433
1669444037359124287,trafficlight_front_6mm,end,81144563,151781
1669444037359249385,trafficlight_front_6mm,start,0,0
1669444037415733206,trafficlight_front_6mm,start,0,0
1669444037418214617,trafficlight_front_12mm,start,0,0
1669444037418810571,trafficlight_front_6mm,gpu_start,3077365,3077365
1669444037491204488,trafficlight_front_6mm,gpu_end,75471282,72393917
1669444037491327533,trafficlight_front_6mm,end,75594327,123045
1669444037496170007,trafficlight_front_6mm,start,0,0
1669444037497370862,trafficlight_front_12mm,start,0,0
1669444037575629609,trafficlight_front_6mm,start,0,0
1669444037578138803,trafficlight_front_6mm,gpu_start,2509194,2509194
1669444037579349579,trafficlight_front_12mm,start,0,0
1669444037641988908,trafficlight_front_6mm,gpu_end,66359299,63850105
1669444037642091681,trafficlight_front_6mm,end,66462072,102773
1669444037642189708,trafficlight_front_6mm,start,0,0
1669444037642242330,trafficlight_front_12mm,start,0,0
1669444037702310591,trafficlight_front_6mm,start,0,0
1669444037702738824,trafficlight_front_12mm,start,0,0
1669444037759395799,trafficlight_front_6mm,start,0,0
1669444037761646742,trafficlight_front_12mm,start,0,0
1669444037761829680,trafficlight_front_6mm,gpu_start,2433881,2433881
1669444037840460732,trafficlight_front_6mm,gpu_end,81064933,78631052
1669444037840560741,trafficlight_front_6mm,end,81164942,100009
1669444037840655255,trafficlight_front_6mm,start,0,0
1669444037840703003,trafficlight_front_12mm,start,0,0
1669444037874251469,trafficlight_front_6mm,start,0,0
1669444037877436317,trafficlight_front_12mm,start,0,0
1669444037999299566,trafficlight_front_6mm,start,0,0
1669444038000643157,trafficlight_front_6mm,gpu_start,1343591,1343591
1669444038012540055,trafficlight_front_12mm,start,0,0
1669444038057195577,trafficlight_front_6mm,gpu_end,57896011,56552420
1669444038057333620,trafficlight_front_6mm,end,58034054,138043
1669444038081199557,trafficlight_front_6mm,start,0,0
1669444038085829148,trafficlight_front_12mm,start,0,0
1669444038157878051,trafficlight_front_6mm,start,0,0
1669444038160514303,trafficlight_front_6mm,gpu_start,2636252,2636252
1669444038160746888,trafficlight_front_12mm,start,0,0
1669444038202782466,trafficlight_front_6mm,gpu_end,44904415,42268163
1669444038202890041,trafficlight_front_6mm,end,45011990,107575
1669444038215407954,trafficlight_front_12mm,start,0,0
1669444038219514073,trafficlight_front_6mm,start,0,0
1669444038278223481,trafficlight_front_6mm,start,0,0
1669444038279539912,trafficlight_front_12mm,start,0,0
1669444038328559723,trafficlight_front_6mm,start,0,0
1669444038330347963,trafficlight_front_6mm,gpu_start,1788240,1788240
1669444038336332381,trafficlight_front_12mm,start,0,0
1669444038373462317,trafficlight_front_6mm,gpu_end,44902594,43114354
1669444038373600524,trafficlight_front_6mm,end,45040801,138207
1669444038376293927,trafficlight_front_6mm,start,0,0
1669444038391561423,trafficlight_front_12mm,start,0,0
1669444038431530751,trafficlight_front_6mm,start,0,0
1669444038436268061,trafficlight_front_12mm,start,0,0
1669444038541098077,trafficlight_front_6mm,start,0,0
1669444038543426591,trafficlight_front_6mm,gpu_start,2328514,2328514
1669444038546595162,trafficlight_front_12mm,start,0,0
1669444038625723420,trafficlight_front_6mm,gpu_end,84625343,82296829
1669444038625832467,trafficlight_front_6mm,end,84734390,109047
1669444038625926775,trafficlight_front_6mm,start,0,0
1669444038625984356,trafficlight_front_12mm,start,0,0
1669444038660075700,trafficlight_front_12mm,start,0,0
1669444038661768662,trafficlight_front_6mm,start,0,0
1669444038715200269,trafficlight_front_6mm,start,0,0
1669444038717354774,trafficlight_front_6mm,gpu_start,2154505,2154505
1669444038717437494,trafficlight_front_12mm,start,0,0
1669444038790787730,trafficlight_front_6mm,gpu_end,75587461,73432956
1669444038790952764,trafficlight_front_6mm,end,75752495,165034
1669444038791081236,trafficlight_front_6mm,start,0,0
1669444038791136397,trafficlight_front_12mm,start,0,0
1669444038842316982,trafficlight_front_6mm,start,0,0
1669444038844190233,trafficlight_front_6mm,gpu_start,1873251,1873251
1669444038850522650,trafficlight_front_12mm,start,0,0
1669444038881831925,trafficlight_front_6mm,gpu_end,39514943,37641692
1669444038881934430,trafficlight_front_6mm,end,39617448,102505
1669444038906284247,trafficlight_front_12mm,start,0,0
1669444038908043674,trafficlight_front_6mm,start,0,0
1669444038967792942,trafficlight_front_6mm,start,0,0
1669444038969781484,trafficlight_front_12mm,start,0,0
1669444039006841731,trafficlight_front_12mm,start,0,0
1669444039010105281,trafficlight_front_6mm,start,0,0
1669444039011500554,trafficlight_front_6mm,gpu_start,1395273,1395273
1669444039054240777,trafficlight_front_6mm,gpu_end,44135496,42740223
1669444039054345897,trafficlight_front_6mm,end,44240616,105120
1669444039120786834,trafficlight_front_6mm,start,0,0
1669444039122060680,trafficlight_front_12mm,start,0,0
1669444039199433625,trafficlight_front_12mm,start,0,0
1669444039200912867,trafficlight_front_6mm,start,0,0
1669444039202627576,trafficlight_front_6mm,gpu_start,1714709,1714709
1669444039247243768,trafficlight_front_6mm,gpu_end,46330901,44616192
1669444039247389650,trafficlight_front_6mm,end,46476783,145882
1669444039267314687,trafficlight_front_6mm,start,0,0
1669444039269027067,trafficlight_front_12mm,start,0,0
1669444039346767648,trafficlight_front_6mm,start,0,0
1669444039348206005,trafficlight_front_6mm,gpu_start,1438357,1438357
1669444039348859673,trafficlight_front_12mm,start,0,0
1669444039420213688,trafficlight_front_6mm,gpu_end,73446040,72007683
1669444039420319625,trafficlight_front_6mm,end,73551977,105937
1669444039420421159,trafficlight_front_6mm,start,0,0
1669444039420466822,trafficlight_front_12mm,start,0,0
1669444039477412333,trafficlight_front_12mm,start,0,0
1669444039479406096,trafficlight_front_6mm,start,0,0
1669444039480724017,trafficlight_front_6mm,gpu_start,1317921,1317921
1669444039516968895,trafficlight_front_6mm,gpu_end,37562799,36244878
1669444039517077678,trafficlight_front_6mm,end,37671582,108783
1669444039537696853,trafficlight_front_6mm,start,0,0
1669444039540294329,trafficlight_front_12mm,start,0,0
1669444039605980624,trafficlight_front_6mm,start,0,0
1669444039608205803,trafficlight_front_6mm,gpu_start,2225179,2225179
1669444039609958090,trafficlight_front_12mm,start,0,0
1669444039643802394,trafficlight_front_6mm,gpu_end,37821770,35596591
1669444039643907856,trafficlight_front_6mm,end,37927232,105462
1669444039675799624,trafficlight_front_12mm,start,0,0
1669444039680002048,trafficlight_front_6mm,start,0,0
1669444039742892574,trafficlight_front_6mm,start,0,0
1669444039744923432,trafficlight_front_6mm,gpu_start,2030858,2030858
1669444039745944243,trafficlight_front_12mm,start,0,0
1669444039779464653,trafficlight_front_6mm,gpu_end,36572079,34541221
1669444039779566934,trafficlight_front_6mm,end,36674360,102281
1669444039816826867,trafficlight_front_6mm,start,0,0
1669444039818014290,trafficlight_front_12mm,start,0,0
1669444039890443860,trafficlight_front_12mm,start,0,0
1669444039894026619,trafficlight_front_6mm,start,0,0
1669444039895424831,trafficlight_front_6mm,gpu_start,1398212,1398212
1669444039929696882,trafficlight_front_6mm,gpu_end,35670263,34272051
1669444039929794017,trafficlight_front_6mm,end,35767398,97135
1669444039974595200,trafficlight_front_6mm,start,0,0
1669444039978980042,trafficlight_front_12mm,start,0,0
1669444040030154234,trafficlight_front_12mm,start,0,0
1669444040031584982,trafficlight_front_6mm,start,0,0
1669444040032938835,trafficlight_front_6mm,gpu_start,1353853,1353853
1669444040079226760,trafficlight_front_6mm,gpu_end,47641778,46287925
1669444040079362485,trafficlight_front_6mm,end,47777503,135725
1669444040087995167,trafficlight_front_6mm,start,0,0
1669444040089693131,trafficlight_front_12mm,start,0,0
1669444040152147833,trafficlight_front_12mm,start,0,0
1669444040156335543,trafficlight_front_6mm,start,0,0
1669444040198674796,trafficlight_front_6mm,start,0,0
1669444040200062765,trafficlight_front_6mm,gpu_start,1387969,1387969
1669444040215697168,trafficlight_front_12mm,start,0,0
1669444040236177219,trafficlight_front_6mm,gpu_end,37502423,36114454
1669444040236278729,trafficlight_front_6mm,end,37603933,101510
1669444040282667060,trafficlight_front_6mm,start,0,0
1669444040285602642,trafficlight_front_12mm,start,0,0
1669444040352064847,trafficlight_front_6mm,start,0,0
1669444040353062590,trafficlight_front_6mm,gpu_start,997743,997743
1669444040359746165,trafficlight_front_12mm,start,0,0
1669444040399479067,trafficlight_front_6mm,gpu_end,47414220,46416477
1669444040399693450,trafficlight_front_6mm,end,47628603,214383
1669444040407175038,trafficlight_front_6mm,start,0,0
1669444040409278378,trafficlight_front_12mm,start,0,0
1669444040473707621,trafficlight_front_6mm,start,0,0
1669444040475279482,trafficlight_front_12mm,start,0,0
1669444040549033744,trafficlight_front_6mm,start,0,0
1669444040551177121,trafficlight_front_12mm,start,0,0
1669444040551254812,trafficlight_front_6mm,gpu_start,2221068,2221068
1669444040585012813,trafficlight_front_6mm,gpu_end,35979069,33758001
1669444040585129410,trafficlight_front_6mm,end,36095666,116597
1669444040616867593,trafficlight_front_12mm,start,0,0
1669444040619447499,trafficlight_front_6mm,start,0,0
1669444040687965018,trafficlight_front_6mm,start,0,0
1669444040689509119,trafficlight_front_6mm,gpu_start,1544101,1544101
1669444040693076789,trafficlight_front_12mm,start,0,0
1669444040722556238,trafficlight_front_6mm,gpu_end,34591220,33047119
1669444040722662059,trafficlight_front_6mm,end,34697041,105821
1669444040755263939,trafficlight_front_12mm,start,0,0
1669444040759566328,trafficlight_front_6mm,start,0,0
1669444040829985917,trafficlight_front_12mm,start,0,0
1669444040831324512,trafficlight_front_6mm,start,0,0
1669444040832632397,trafficlight_front_6mm,gpu_start,1307885,1307885
1669444040867484106,trafficlight_front_6mm,gpu_end,36159594,34851709
1669444040867629585,trafficlight_front_6mm,end,36305073,145479
1669444040883131216,trafficlight_front_6mm,start,0,0
1669444040892677446,trafficlight_front_12mm,start,0,0
1669444040963958215,trafficlight_front_12mm,start,0,0
1669444040968643567,trafficlight_front_6mm,start,0,0
1669444040969988811,trafficlight_front_6mm,gpu_start,1345244,1345244
1669444041006908631,trafficlight_front_6mm,gpu_end,38265064,36919820
1669444041007020874,trafficlight_front_6mm,end,38377307,112243
1669444041025860181,trafficlight_front_12mm,start,0,0
1669444041030400897,trafficlight_front_6mm,start,0,0
1669444041094564743,trafficlight_front_6mm,start,0,0
1669444041095611372,trafficlight_front_12mm,start,0,0
1669444041160417214,trafficlight_front_6mm,start,0,0
1669444041163130133,trafficlight_front_6mm,gpu_start,2712919,2712919
1669444041163374859,trafficlight_front_12mm,start,0,0
1669444041196233939,trafficlight_front_6mm,gpu_end,35816725,33103806
1669444041196356301,trafficlight_front_6mm,end,35939087,122362
1669444041228873132,trafficlight_front_6mm,start,0,0
1669444041231120222,trafficlight_front_12mm,start,0,0
1669444041299235953,trafficlight_front_12mm,start,0,0
1669444041301559102,trafficlight_front_6mm,start,0,0
1669444041302786913,trafficlight_front_6mm,gpu_start,1227811,1227811
1669444041335673281,trafficlight_front_6mm,gpu_end,34114179,32886368
1669444041335775035,trafficlight_front_6mm,end,34215933,101754
1669444041366329326,trafficlight_front_6mm,start,0,0
1669444041376037611,trafficlight_front_12mm,start,0,0
1669444041436662128,trafficlight_front_6mm,start,0,0
1669444041437465472,trafficlight_front_12mm,start,0,0
1669444041439117262,trafficlight_front_6mm,gpu_start,2455134,2455134
1669444041482535623,trafficlight_front_6mm,gpu_end,45873495,43418361
1669444041482676591,trafficlight_front_6mm,end,46014463,140968
1669444041498214247,trafficlight_front_6mm,start,0,0
1669444041500498518,trafficlight_front_12mm,start,0,0
1669444041560034978,trafficlight_front_12mm,start,0,0
1669444041562270961,trafficlight_front_6mm,start,0,0
1669444041602355129,trafficlight_front_12mm,start,0,0
1669444041606046044,trafficlight_front_6mm,start,0,0
1669444041607647953,trafficlight_front_6mm,gpu_start,1601909,1601909
1669444041651691210,trafficlight_front_6mm,gpu_end,45645166,44043257
1669444041651859990,trafficlight_front_6mm,end,45813946,168780
1669444041668649247,trafficlight_front_6mm,start,0,0
1669444041686192226,trafficlight_front_12mm,start,0,0
1669444041780204861,trafficlight_front_6mm,start,0,0
1669444041781746239,trafficlight_front_6mm,gpu_start,1541378,1541378
1669444041789973319,trafficlight_front_12mm,start,0,0
1669444041816422540,trafficlight_front_6mm,gpu_end,36217679,34676301
1669444041816533473,trafficlight_front_6mm,end,36328612,110933
1669444041856790134,trafficlight_front_6mm,start,0,0
1669444041875804488,trafficlight_front_12mm,start,0,0
1669444041941104933,trafficlight_front_6mm,start,0,0
1669444041943346424,trafficlight_front_12mm,start,0,0
1669444041943575176,trafficlight_front_6mm,gpu_start,2470243,2470243
1669444041978932407,trafficlight_front_6mm,gpu_end,37827474,35357231
1669444041979087891,trafficlight_front_6mm,end,37982958,155484
1669444042003713557,trafficlight_front_6mm,start,0,0
1669444042005246719,trafficlight_front_12mm,start,0,0
1669444042063185749,trafficlight_front_12mm,start,0,0
1669444042068950366,trafficlight_front_6mm,start,0,0
1669444042070169140,trafficlight_front_6mm,gpu_start,1218774,1218774
1669444042106850000,trafficlight_front_6mm,gpu_end,37899634,36680860
1669444042106962657,trafficlight_front_6mm,end,38012291,112657
1669444042131280681,trafficlight_front_6mm,start,0,0
1669444042137592088,trafficlight_front_12mm,start,0,0
1669444042195523234,trafficlight_front_6mm,start,0,0
1669444042197508277,trafficlight_front_6mm,gpu_start,1985043,1985043
1669444042205155540,trafficlight_front_12mm,start,0,0
1669444042229672794,trafficlight_front_6mm,gpu_end,34149560,32164517
1669444042229786513,trafficlight_front_6mm,end,34263279,113719
1669444042271007041,trafficlight_front_6mm,start,0,0
1669444042273439229,trafficlight_front_12mm,start,0,0
1669444042338304624,trafficlight_front_12mm,start,0,0
1669444042339760226,trafficlight_front_6mm,start,0,0
1669444042341258630,trafficlight_front_6mm,gpu_start,1498404,1498404
1669444042377959472,trafficlight_front_6mm,gpu_end,38199246,36700842
1669444042378081354,trafficlight_front_6mm,end,38321128,121882
1669444042410395084,trafficlight_front_6mm,start,0,0
1669444042410890347,trafficlight_front_12mm,start,0,0
1669444042483406565,trafficlight_front_6mm,start,0,0
1669444042484340538,trafficlight_front_6mm,gpu_start,933973,933973
1669444042494513816,trafficlight_front_12mm,start,0,0
1669444042521289801,trafficlight_front_6mm,gpu_end,37883236,36949263
1669444042521401813,trafficlight_front_6mm,end,37995248,112012
1669444042535337378,trafficlight_front_6mm,start,0,0
1669444042537316274,trafficlight_front_12mm,start,0,0
1669444042597816371,trafficlight_front_6mm,start,0,0
1669444042599747321,trafficlight_front_12mm,start,0,0
1669444042661088690,trafficlight_front_6mm,start,0,0
1669444042663998916,trafficlight_front_12mm,start,0,0
1669444042664074620,trafficlight_front_6mm,gpu_start,2985930,2985930
1669444042695813314,trafficlight_front_6mm,gpu_end,34724624,31738694
1669444042695912996,trafficlight_front_6mm,end,34824306,99682
1669444042732177154,trafficlight_front_12mm,start,0,0
1669444042736397906,trafficlight_front_6mm,start,0,0
1669444042794777003,trafficlight_front_6mm,start,0,0
1669444042796388744,trafficlight_front_12mm,start,0,0
1669444042797307588,trafficlight_front_6mm,gpu_start,2530585,2530585
1669444042830033445,trafficlight_front_6mm,gpu_end,35256442,32725857
1669444042830172459,trafficlight_front_6mm,end,35395456,139014
1669444042849302618,trafficlight_front_6mm,start,0,0
1669444042851036891,trafficlight_front_12mm,start,0,0
1669444042898851306,trafficlight_front_12mm,start,0,0
1669444042902918242,trafficlight_front_6mm,start,0,0
1669444042959148805,trafficlight_front_6mm,start,0,0
1669444042960679375,trafficlight_front_6mm,gpu_start,1530570,1530570
1669444042963402648,trafficlight_front_12mm,start,0,0
1669444042993602325,trafficlight_front_6mm,gpu_end,34453520,32922950
1669444042993725631,trafficlight_front_6mm,end,34576826,123306
1669444043102625063,trafficlight_front_6mm,start,0,0
1669444043104736847,trafficlight_front_6mm,gpu_start,2111784,2111784
1669444043112299174,trafficlight_front_12mm,start,0,0
1669444043145558157,trafficlight_front_6mm,gpu_end,42933094,40821310
1669444043145667070,trafficlight_front_6mm,end,43042007,108913
1669444043145772866,trafficlight_front_6mm,start,0,0
1669444043145828959,trafficlight_front_12mm,start,0,0
1669444043203002338,trafficlight_front_12mm,start,0,0
1669444043204773860,trafficlight_front_6mm,start,0,0
1669444043271522048,trafficlight_front_6mm,start,0,0
1669444043272854538,trafficlight_front_12mm,start,0,0
1669444043273973245,trafficlight_front_6mm,gpu_start,2451197,2451197
1669444043306035890,trafficlight_front_6mm,gpu_end,34513842,32062645
1669444043306145465,trafficlight_front_6mm,end,34623417,109575
1669444043345408543,trafficlight_front_6mm,start,0,0
1669444043361617993,trafficlight_front_12mm,start,0,0
1669444043418835539,trafficlight_front_12mm,start,0,0
1669444043424352139,trafficlight_front_6mm,start,0,0
1669444043425727412,trafficlight_front_6mm,gpu_start,1375273,1375273
1669444043460648156,trafficlight_front_6mm,gpu_end,36296017,34920744
1669444043460774338,trafficlight_front_6mm,end,36422199,126182
1669444043491887606,trafficlight_front_6mm,start,0,0
1669444043493288589,trafficlight_front_12mm,start,0,0
1669444043565175030,trafficlight_front_6mm,start,0,0
1669444043566851477,trafficlight_front_12mm,start,0,0
1669444043567547062,trafficlight_front_6mm,gpu_start,2372032,2372032
1669444043597314366,trafficlight_front_6mm,gpu_end,32139336,29767304
1669444043597455176,trafficlight_front_6mm,end,32280146,140810
1669444043637057829,trafficlight_front_6mm,start,0,0
1669444043639264186,trafficlight_front_12mm,start,0,0
1669444043711081379,trafficlight_front_6mm,start,0,0
1669444043713084236,trafficlight_front_6mm,gpu_start,2002857,2002857
1669444043714013090,trafficlight_front_12mm,start,0,0
1669444043746707761,trafficlight_front_6mm,gpu_end,35626382,33623525
1669444043746848116,trafficlight_front_6mm,end,35766737,140355
1669444043780124045,trafficlight_front_6mm,start,0,0
1669444043781490258,trafficlight_front_12mm,start,0,0
1669444043855290519,trafficlight_front_12mm,start,0,0
1669444043857760346,trafficlight_front_6mm,start,0,0
1669444043859072536,trafficlight_front_6mm,gpu_start,1312190,1312190
1669444043894059774,trafficlight_front_6mm,gpu_end,36299428,34987238
1669444043894157948,trafficlight_front_6mm,end,36397602,98174
1669444043930391918,trafficlight_front_6mm,start,0,0
1669444043931558362,trafficlight_front_12mm,start,0,0
1669444043994930759,trafficlight_front_6mm,start,0,0
1669444043996328935,trafficlight_front_6mm,gpu_start,1398176,1398176
1669444044006713635,trafficlight_front_12mm,start,0,0
1669444044029795228,trafficlight_front_6mm,gpu_end,34864469,33466293
1669444044029904072,trafficlight_front_6mm,end,34973313,108844
1669444044071431472,trafficlight_front_6mm,start,0,0
1669444044073215822,trafficlight_front_12mm,start,0,0
1669444044138269503,trafficlight_front_6mm,start,0,0
1669444044139609227,trafficlight_front_12mm,start,0,0
1669444044140529470,trafficlight_front_6mm,gpu_start,2259967,2259967
1669444044172604053,trafficlight_front_6mm,gpu_end,34334550,32074583
1669444044172714831,trafficlight_front_6mm,end,34445328,110778
1669444044201146652,trafficlight_front_12mm,start,0,0
1669444044203623548,trafficlight_front_6mm,start,0,0
1669444044269576863,trafficlight_front_12mm,start,0,0
1669444044271882842,trafficlight_front_6mm,start,0,0
1669444044273144827,trafficlight_front_6mm,gpu_start,1261985,1261985
1669444044312083136,trafficlight_front_6mm,gpu_end,40200294,38938309
1669444044312242332,trafficlight_front_6mm,end,40359490,159196
1669444044313983130,trafficlight_front_6mm,start,0,0
1669444044323141428,trafficlight_front_12mm,start,0,0
1669444044371424088,trafficlight_front_12mm,start,0,0
1669444044373317691,trafficlight_front_6mm,start,0,0
1669444044435832796,trafficlight_front_12mm,start,0,0
1669444044437580793,trafficlight_front_6mm,start,0,0
1669444044439193364,trafficlight_front_6mm,gpu_start,1612571,1612571
1669444044477950902,trafficlight_front_6mm,gpu_end,40370109,38757538
1669444044478308752,trafficlight_front_6mm,end,40727959,357850
1669444044479032840,trafficlight_front_12mm,start,0,0
1669444044483584049,trafficlight_front_6mm,start,0,0
1669444044552111112,trafficlight_front_6mm,start,0,0
1669444044554387432,trafficlight_front_12mm,start,0,0
1669444044653999711,trafficlight_front_6mm,start,0,0
1669444044654984681,trafficlight_front_6mm,gpu_start,984970,984970
1669444044658515484,trafficlight_front_12mm,start,0,0
1669444044708004689,trafficlight_front_6mm,gpu_end,54004978,53020008
1669444044708146384,trafficlight_front_6mm,end,54146673,141695
1669444044708265332,trafficlight_front_6mm,start,0,0
1669444044708312705,trafficlight_front_12mm,start,0,0
1669444044768894316,trafficlight_front_6mm,start,0,0
1669444044771925751,trafficlight_front_12mm,start,0,0
1669444044827949662,trafficlight_front_6mm,start,0,0
1669444044829287874,trafficlight_front_6mm,gpu_start,1338212,1338212
1669444044831138611,trafficlight_front_12mm,start,0,0
1669444044863194295,trafficlight_front_6mm,gpu_end,35244633,33906421
1669444044863302199,trafficlight_front_6mm,end,35352537,107904
1669444044890595331,trafficlight_front_6mm,start,0,0
1669444044893669356,trafficlight_front_12mm,start,0,0
1669444045009348158,trafficlight_front_6mm,start,0,0
1669444045011033318,trafficlight_front_12mm,start,0,0
1669444045011782371,trafficlight_front_6mm,gpu_start,2434213,2434213
1669444045041633333,trafficlight_front_6mm,gpu_end,32285175,29850962
1669444045041755352,trafficlight_front_6mm,end,32407194,122019
1669444045081614668,trafficlight_front_12mm,start,0,0
1669444045083023504,trafficlight_front_6mm,start,0,0
1669444045143449509,trafficlight_front_6mm,start,0,0
1669444045144922638,trafficlight_front_6mm,gpu_start,1473129,1473129
1669444045163420325,trafficlight_front_12mm,start,0,0
1669444045177931197,trafficlight_front_6mm,gpu_end,34481688,33008559
1669444045178076286,trafficlight_front_6mm,end,34626777,145089
1669444045221546165,trafficlight_front_6mm,start,0,0
1669444045223232465,trafficlight_front_12mm,start,0,0
1669444045286632294,trafficlight_front_12mm,start,0,0
1669444045288540704,trafficlight_front_6mm,start,0,0
1669444045289794041,trafficlight_front_6mm,gpu_start,1253337,1253337
1669444045320794808,trafficlight_front_6mm,gpu_end,32254104,31000767
1669444045320891212,trafficlight_front_6mm,end,32350508,96404
1669444045353936917,trafficlight_front_6mm,start,0,0
1669444045358939483,trafficlight_front_12mm,start,0,0
1669444045410129411,trafficlight_front_12mm,start,0,0
1669444045411884811,trafficlight_front_6mm,start,0,0
1669444045475520668,trafficlight_front_6mm,start,0,0
1669444045476964749,trafficlight_front_12mm,start,0,0
1669444045477190830,trafficlight_front_6mm,gpu_start,1670162,1670162
1669444045508069019,trafficlight_front_6mm,gpu_end,32548351,30878189
1669444045508181414,trafficlight_front_6mm,end,32660746,112395
1669444045539268496,trafficlight_front_6mm,start,0,0
1669444045540986738,trafficlight_front_12mm,start,0,0
1669444045599979554,trafficlight_front_6mm,start,0,0
1669444045602287805,trafficlight_front_12mm,start,0,0
1669444045664239319,trafficlight_front_6mm,start,0,0
1669444045666724440,trafficlight_front_12mm,start,0,0
1669444045667454181,trafficlight_front_6mm,gpu_start,3214862,3214862
1669444045701278660,trafficlight_front_6mm,gpu_end,37039341,33824479
1669444045701394972,trafficlight_front_6mm,end,37155653,116312
1669444045733282806,trafficlight_front_12mm,start,0,0
1669444045735829890,trafficlight_front_6mm,start,0,0
1669444045786052290,trafficlight_front_6mm,start,0,0
1669444045787727169,trafficlight_front_12mm,start,0,0
1669444045828378844,trafficlight_front_6mm,start,0,0
1669444045830327743,trafficlight_front_6mm,gpu_start,1948899,1948899
1669444045832394281,trafficlight_front_12mm,start,0,0
1669444045866337337,trafficlight_front_6mm,gpu_end,37958493,36009594
1669444045866587008,trafficlight_front_6mm,end,38208164,249671
1669444045866755769,trafficlight_front_6mm,start,0,0
1669444045871393666,trafficlight_front_12mm,start,0,0
1669444045962660538,trafficlight_front_12mm,start,0,0
1669444045964958147,trafficlight_front_6mm,start,0,0
1669444045966282540,trafficlight_front_6mm,gpu_start,1324393,1324393
1669444046015386261,trafficlight_front_6mm,gpu_end,50428114,49103721
1669444046015578275,trafficlight_front_6mm,end,50620128,192014
1669444046017853548,trafficlight_front_6mm,start,0,0
1669444046018294951,trafficlight_front_12mm,start,0,0
1669444046121848282,trafficlight_front_12mm,start,0,0
1669444046126374543,trafficlight_front_6mm,start,0,0
1669444046127656035,trafficlight_front_6mm,gpu_start,1281492,1281492
1669444046169988432,trafficlight_front_6mm,gpu_end,43613889,42332397
1669444046170113219,trafficlight_front_6mm,end,43738676,124787
1669444046177461195,trafficlight_front_12mm,start,0,0
1669444046182767808,trafficlight_front_6mm,start,0,0
1669444046240767724,trafficlight_front_6mm,start,0,0
1669444046244434410,trafficlight_front_12mm,start,0,0
1669444046298572907,trafficlight_front_6mm,start,0,0
1669444046300742265,trafficlight_front_12mm,start,0,0
1669444046300897414,trafficlight_front_6mm,gpu_start,2324507,2324507
1669444046333250770,trafficlight_front_6mm,gpu_end,34677863,32353356
1669444046333355807,trafficlight_front_6mm,end,34782900,105037
1669444046347191125,trafficlight_front_6mm,start,0,0
1669444046356148025,trafficlight_front_12mm,start,0,0
1669444046467382507,trafficlight_front_6mm,start,0,0
1669444046468969863,trafficlight_front_6mm,gpu_start,1587356,1587356
1669444046473460596,trafficlight_front_12mm,start,0,0
1669444046515583461,trafficlight_front_6mm,gpu_end,48200954,46613598
1669444046515728035,trafficlight_front_6mm,end,48345528,144574
1669444046528160911,trafficlight_front_6mm,start,0,0
1669444046531740624,trafficlight_front_12mm,start,0,0
1669444046569646704,trafficlight_front_6mm,start,0,0
1669444046581546316,trafficlight_front_12mm,start,0,0
1669444046668365305,trafficlight_front_12mm,start,0,0
1669444046670445897,trafficlight_front_6mm,start,0,0
1669444046671898957,trafficlight_front_6mm,gpu_start,1453060,1453060
1669444046717634590,trafficlight_front_6mm,gpu_end,47188693,45735633
1669444046717763197,trafficlight_front_6mm,end,47317300,128607
1669444046734888731,trafficlight_front_6mm,start,0,0
1669444046738111321,trafficlight_front_12mm,start,0,0
1669444046807337588,trafficlight_front_6mm,start,0,0
1669444046809292678,trafficlight_front_6mm,gpu_start,1955090,1955090
1669444046810183197,trafficlight_front_12mm,start,0,0
1669444046867904622,trafficlight_front_6mm,gpu_end,60567034,58611944
1669444046868238955,trafficlight_front_6mm,end,60901367,334333
1669444046869643454,trafficlight_front_6mm,start,0,0
1669444046879114836,trafficlight_front_12mm,start,0,0
1669444046968359575,trafficlight_front_6mm,start,0,0
1669444046970195801,trafficlight_front_12mm,start,0,0
1669444046970817548,trafficlight_front_6mm,gpu_start,2457973,2457973
1669444047009243404,trafficlight_front_6mm,gpu_end,40883829,38425856
1669444047009384321,trafficlight_front_6mm,end,41024746,140917
1669444047032430368,trafficlight_front_12mm,start,0,0
1669444047033784203,trafficlight_front_6mm,start,0,0
1669444047097944162,trafficlight_front_6mm,start,0,0
1669444047099709339,trafficlight_front_12mm,start,0,0
1669444047100143966,trafficlight_front_6mm,gpu_start,2199804,2199804
1669444047145542738,trafficlight_front_6mm,gpu_end,47598576,45398772
1669444047145658143,trafficlight_front_6mm,end,47713981,115405
1669444047165870203,trafficlight_front_12mm,start,0,0
1669444047168137659,trafficlight_front_6mm,start,0,0
1669444047238525186,trafficlight_front_6mm,start,0,0
1669444047239309653,trafficlight_front_12mm,start,0,0
1669444047240582627,trafficlight_front_6mm,gpu_start,2057441,2057441
1669444047280722565,trafficlight_front_6mm,gpu_end,42197379,40139938
1669444047280831891,trafficlight_front_6mm,end,42306705,109326
1669444047293456665,trafficlight_front_6mm,start,0,0
1669444047304970790,trafficlight_front_12mm,start,0,0
1669444047374017833,trafficlight_front_6mm,start,0,0
1669444047376544915,trafficlight_front_12mm,start,0,0
1669444047376988884,trafficlight_front_6mm,gpu_start,2971051,2971051
1669444047432053968,trafficlight_front_6mm,gpu_end,58036135,55065084
1669444047432205217,trafficlight_front_6mm,end,58187384,151249
1669444047438149453,trafficlight_front_6mm,start,0,0
1669444047440123182,trafficlight_front_12mm,start,0,0
1669444047502313559,trafficlight_front_6mm,start,0,0
1669444047503883797,trafficlight_front_6mm,gpu_start,1570238,1570238
1669444047504670272,trafficlight_front_12mm,start,0,0
1669444047606136816,trafficlight_front_6mm,gpu_end,103823257,102253019
1669444047606291030,trafficlight_front_6mm,end,103977471,154214
1669444047606434637,trafficlight_front_6mm,start,0,0
1669444047606505575,trafficlight_front_12mm,start,0,0
1669444047639689430,trafficlight_front_6mm,start,0,0
1669444047641149350,trafficlight_front_6mm,gpu_start,1459920,1459920
1669444047648157564,trafficlight_front_12mm,start,0,0
1669444047730070864,trafficlight_front_6mm,gpu_end,90381434,88921514
1669444047730261935,trafficlight_front_6mm,end,90572505,191071
1669444047730433450,trafficlight_front_6mm,start,0,0
1669444047730704555,trafficlight_front_12mm,start,0,0
1669444047764516249,trafficlight_front_12mm,start,0,0
1669444047765997187,trafficlight_front_6mm,start,0,0
1669444047833139587,trafficlight_front_6mm,start,0,0
1669444047834408590,trafficlight_front_6mm,gpu_start,1269003,1269003
1669444047839204147,trafficlight_front_12mm,start,0,0
1669444047889931051,trafficlight_front_6mm,gpu_end,56791464,55522461
1669444047890045930,trafficlight_front_6mm,end,56906343,114879
1669444047893572647,trafficlight_front_6mm,start,0,0
1669444047894593332,trafficlight_front_12mm,start,0,0
1669444047962478626,trafficlight_front_12mm,start,0,0
1669444047964070258,trafficlight_front_6mm,start,0,0
1669444047965754896,trafficlight_front_6mm,gpu_start,1684638,1684638
1669444048018287094,trafficlight_front_6mm,gpu_end,54216836,52532198
1669444048018457997,trafficlight_front_6mm,end,54387739,170903
1669444048022933441,trafficlight_front_6mm,start,0,0
1669444048025233527,trafficlight_front_12mm,start,0,0
1669444048090467756,trafficlight_front_6mm,start,0,0
1669444048093158839,trafficlight_front_12mm,start,0,0
1669444048160489531,trafficlight_front_12mm,start,0,0
1669444048167559234,trafficlight_front_6mm,start,0,0
1669444048168883062,trafficlight_front_6mm,gpu_start,1323828,1323828
1669444048221792026,trafficlight_front_12mm,start,0,0
1669444048331358512,trafficlight_front_6mm,gpu_end,163799278,162475450
1669444048331474351,trafficlight_front_6mm,end,163915117,115839
1669444048331572865,trafficlight_front_6mm,start,0,0
1669444048331626253,trafficlight_front_12mm,start,0,0
1669444048332440917,trafficlight_front_6mm,gpu_start,868052,868052
1669444048386681451,trafficlight_front_6mm,gpu_end,55108586,54240534
1669444048386795311,trafficlight_front_6mm,end,55222446,113860
1669444048386892922,trafficlight_front_6mm,start,0,0
1669444048386941353,trafficlight_front_12mm,start,0,0
1669444048421452861,trafficlight_front_12mm,start,0,0
1669444048422267319,trafficlight_front_6mm,start,0,0
1669444048472427032,trafficlight_front_6mm,start,0,0
1669444048473819351,trafficlight_front_12mm,start,0,0
1669444048474010330,trafficlight_front_6mm,gpu_start,1583298,1583298
1669444048518461571,trafficlight_front_6mm,gpu_end,46034539,44451241
1669444048518596119,trafficlight_front_6mm,end,46169087,134548
1669444048529380807,trafficlight_front_6mm,start,0,0
1669444048541002507,trafficlight_front_12mm,start,0,0
1669444048589190016,trafficlight_front_6mm,start,0,0
1669444048599843608,trafficlight_front_12mm,start,0,0
1669444048680649774,trafficlight_front_12mm,start,0,0
1669444048682633760,trafficlight_front_6mm,start,0,0
1669444048683752080,trafficlight_front_6mm,gpu_start,1118320,1118320
1669444048721447144,trafficlight_front_6mm,gpu_end,38813384,37695064
1669444048721559378,trafficlight_front_6mm,end,38925618,112234
1669444048753247562,trafficlight_front_6mm,start,0,0
1669444048754230421,trafficlight_front_12mm,start,0,0
1669444048808839726,trafficlight_front_6mm,start,0,0
1669444048811102589,trafficlight_front_6mm,gpu_start,2262863,2262863
1669444048820242479,trafficlight_front_12mm,start,0,0
1669444048847623897,trafficlight_front_6mm,gpu_end,38784171,36521308
1669444048847758245,trafficlight_front_6mm,end,38918519,134348
1669444048881299675,trafficlight_front_6mm,start,0,0
1669444048882414030,trafficlight_front_12mm,start,0,0
1669444048947727121,trafficlight_front_6mm,start,0,0
1669444048950703850,trafficlight_front_12mm,start,0,0
1669444048950885743,trafficlight_front_6mm,gpu_start,3158622,3158622
1669444048986317703,trafficlight_front_6mm,gpu_end,38590582,35431960
1669444048986442077,trafficlight_front_6mm,end,38714956,124374
1669444049020945228,trafficlight_front_6mm,start,0,0
1669444049022430904,trafficlight_front_12mm,start,0,0
1669444049073870037,trafficlight_front_6mm,start,0,0
1669444049085920321,trafficlight_front_12mm,start,0,0
1669444049149114680,trafficlight_front_6mm,start,0,0
1669444049151187780,trafficlight_front_6mm,gpu_start,2073100,2073100
1669444049152359360,trafficlight_front_12mm,start,0,0
1669444049187779897,trafficlight_front_6mm,gpu_end,38665217,36592117
1669444049187917191,trafficlight_front_6mm,end,38802511,137294
1669444049211708051,trafficlight_front_6mm,start,0,0
1669444049215640252,trafficlight_front_12mm,start,0,0
1669444049277285533,trafficlight_front_12mm,start,0,0
1669444049284349683,trafficlight_front_6mm,start,0,0
1669444049286515420,trafficlight_front_6mm,gpu_start,2165737,2165737
1669444049321018432,trafficlight_front_6mm,gpu_end,36668749,34503012
1669444049321167809,trafficlight_front_6mm,end,36818126,149377
1669444049335948924,trafficlight_front_12mm,start,0,0
1669444049339589489,trafficlight_front_6mm,start,0,0
1669444049391486437,trafficlight_front_6mm,start,0,0
1669444049403459461,trafficlight_front_12mm,start,0,0
1669444049474006283,trafficlight_front_6mm,start,0,0
1669444049476190034,trafficlight_front_6mm,gpu_start,2183751,2183751
1669444049476601869,trafficlight_front_12mm,start,0,0
1669444049505362185,trafficlight_front_6mm,gpu_end,31355902,29172151
1669444049505515510,trafficlight_front_6mm,end,31509227,153325
1669444049549697604,trafficlight_front_6mm,start,0,0
1669444049551799549,trafficlight_front_12mm,start,0,0
1669444049605999336,trafficlight_front_6mm,start,0,0
1669444049608190060,trafficlight_front_6mm,gpu_start,2190724,2190724
1669444049616599605,trafficlight_front_12mm,start,0,0
1669444049647256820,trafficlight_front_6mm,gpu_end,41257484,39066760
1669444049647667589,trafficlight_front_6mm,end,41668253,410769
1669444049674640586,trafficlight_front_6mm,start,0,0
1669444049676643097,trafficlight_front_12mm,start,0,0
1669444049739952954,trafficlight_front_6mm,start,0,0
1669444049741324116,trafficlight_front_6mm,gpu_start,1371162,1371162
1669444049757537752,trafficlight_front_12mm,start,0,0
1669444049777006833,trafficlight_front_6mm,gpu_end,37053879,35682717
1669444049777130196,trafficlight_front_6mm,end,37177242,123363
1669444049809345097,trafficlight_front_6mm,start,0,0
1669444049811428905,trafficlight_front_12mm,start,0,0
1669444049886221972,trafficlight_front_12mm,start,0,0
1669444049890743872,trafficlight_front_6mm,start,0,0
1669444049891980076,trafficlight_front_6mm,gpu_start,1236204,1236204
1669444049927770743,trafficlight_front_6mm,gpu_end,37026871,35790667
1669444049927941293,trafficlight_front_6mm,end,37197421,170550
1669444049946784741,trafficlight_front_6mm,start,0,0
1669444049952630193,trafficlight_front_12mm,start,0,0
1669444050012528954,trafficlight_front_6mm,start,0,0
1669444050013862972,trafficlight_front_12mm,start,0,0
1669444050084089503,trafficlight_front_6mm,start,0,0
1669444050086985984,trafficlight_front_6mm,gpu_start,2896481,2896481
1669444050087530854,trafficlight_front_12mm,start,0,0
1669444050117029490,trafficlight_front_6mm,gpu_end,32939987,30043506
1669444050117177177,trafficlight_front_6mm,end,33087674,147687
1669444050156953452,trafficlight_front_12mm,start,0,0
1669444050159044877,trafficlight_front_6mm,start,0,0
1669444050202960420,trafficlight_front_6mm,start,0,0
1669444050215276165,trafficlight_front_12mm,start,0,0
1669444050277094312,trafficlight_front_6mm,start,0,0
1669444050279842225,trafficlight_front_6mm,gpu_start,2747913,2747913
1669444050279901359,trafficlight_front_12mm,start,0,0
1669444050308736998,trafficlight_front_6mm,gpu_end,31642686,28894773
1669444050308849219,trafficlight_front_6mm,end,31754907,112221
1669444050331770895,trafficlight_front_12mm,start,0,0
1669444050337018028,trafficlight_front_6mm,start,0,0
1669444050391321842,trafficlight_front_6mm,start,0,0
1669444050395989743,trafficlight_front_12mm,start,0,0
1669444050461788738,trafficlight_front_12mm,start,0,0
1669444050465978459,trafficlight_front_6mm,start,0,0
1669444050467269073,trafficlight_front_6mm,gpu_start,1290614,1290614
1669444050502687630,trafficlight_front_6mm,gpu_end,36709171,35418557
1669444050502837120,trafficlight_front_6mm,end,36858661,149490
1669444050527576492,trafficlight_front_6mm,start,0,0
1669444050548653256,trafficlight_front_12mm,start,0,0
1669444050566869403,trafficlight_front_12mm,start,0,0
1669444050569545721,trafficlight_front_6mm,start,0,0
1669444050603833762,trafficlight_front_6mm,start,0,0
1669444050605235529,trafficlight_front_6mm,gpu_start,1401767,1401767
1669444050612274379,trafficlight_front_12mm,start,0,0
1669444050634375712,trafficlight_front_6mm,gpu_end,30541950,29140183
1669444050634564708,trafficlight_front_6mm,end,30730946,188996
1669444050701218501,trafficlight_front_12mm,start,0,0
1669444050705139751,trafficlight_front_6mm,start,0,0
1669444050741853011,trafficlight_front_6mm,start,0,0
1669444050743226181,trafficlight_front_6mm,gpu_start,1373170,1373170
1669444050748298365,trafficlight_front_12mm,start,0,0
1669444050767724442,trafficlight_front_6mm,gpu_end,25871431,24498261
1669444050767843916,trafficlight_front_6mm,end,25990905,119474
1669444050861536883,trafficlight_front_6mm,start,0,0
1669444050871665796,trafficlight_front_12mm,start,0,0
1669444050937274734,trafficlight_front_6mm,start,0,0
1669444050938221153,trafficlight_front_12mm,start,0,0
1669444050938948021,trafficlight_front_6mm,gpu_start,1673287,1673287
1669444050967505908,trafficlight_front_6mm,gpu_end,30231174,28557887
1669444050967635200,trafficlight_front_6mm,end,30360466,129292
1669444050983577215,trafficlight_front_6mm,start,0,0
1669444050984977028,trafficlight_front_12mm,start,0,0
1669444051054798762,trafficlight_front_6mm,start,0,0
1669444051056672147,trafficlight_front_12mm,start,0,0
1669444051097297649,trafficlight_front_6mm,start,0,0
1669444051098595670,trafficlight_front_6mm,gpu_start,1298021,1298021
1669444051100579060,trafficlight_front_12mm,start,0,0
1669444051129169215,trafficlight_front_6mm,gpu_end,31871566,30573545
1669444051129301341,trafficlight_front_6mm,end,32003692,132126
1669444051155966647,trafficlight_front_6mm,start,0,0
1669444051158005216,trafficlight_front_12mm,start,0,0
1669444051262740269,trafficlight_front_6mm,start,0,0
1669444051263429339,trafficlight_front_12mm,start,0,0
1669444051264010088,trafficlight_front_6mm,gpu_start,1269819,1269819
1669444051292299962,trafficlight_front_6mm,gpu_end,29559693,28289874
1669444051292419152,trafficlight_front_6mm,end,29678883,119190
1669444051326813968,trafficlight_front_6mm,start,0,0
1669444051333585120,trafficlight_front_12mm,start,0,0
1669444051372342606,trafficlight_front_6mm,start,0,0
1669444051378105532,trafficlight_front_12mm,start,0,0
1669444051442395980,trafficlight_front_6mm,start,0,0
1669444051443565225,trafficlight_front_12mm,start,0,0
1669444051444525909,trafficlight_front_6mm,gpu_start,2129929,2129929
1669444051474287784,trafficlight_front_6mm,gpu_end,31891804,29761875
1669444051474389967,trafficlight_front_6mm,end,31993987,102183
1669444051483922253,trafficlight_front_12mm,start,0,0
1669444051486733035,trafficlight_front_6mm,start,0,0
1669444051555872200,trafficlight_front_6mm,start,0,0
1669444051560754138,trafficlight_front_12mm,start,0,0
1669444051666960869,trafficlight_front_6mm,start,0,0
1669444051668473394,trafficlight_front_12mm,start,0,0
1669444051669284545,trafficlight_front_6mm,gpu_start,2323676,2323676
1669444051704890228,trafficlight_front_6mm,gpu_end,37929359,35605683
1669444051705041441,trafficlight_front_6mm,end,38080572,151213
1669444051724075098,trafficlight_front_6mm,start,0,0
1669444051742801780,trafficlight_front_12mm,start,0,0
1669444051798174228,trafficlight_front_12mm,start,0,0
1669444051801645138,trafficlight_front_6mm,start,0,0
1669444051802857185,trafficlight_front_6mm,gpu_start,1212047,1212047
1669444051834776510,trafficlight_front_6mm,gpu_end,33131372,31919325
1669444051834890723,trafficlight_front_6mm,end,33245585,114213
1669444051868591508,trafficlight_front_6mm,start,0,0
1669444051868744754,trafficlight_front_12mm,start,0,0
1669444051939639528,trafficlight_front_6mm,start,0,0
1669444051940905222,trafficlight_front_12mm,start,0,0
1669444051941666744,trafficlight_front_6mm,gpu_start,2027216,2027216
1669444051971121341,trafficlight_front_6mm,gpu_end,31481813,29454597
1669444051971226826,trafficlight_front_6mm,end,31587298,105485
1669444051997952260,trafficlight_front_12mm,start,0,0
1669444051998835397,trafficlight_front_6mm,start,0,0
1669444052061460326,trafficlight_front_6mm,start,0,0
1669444052065491027,trafficlight_front_12mm,start,0,0
1669444052130577566,trafficlight_front_6mm,start,0,0
1669444052131846879,trafficlight_front_6mm,gpu_start,1269313,1269313
1669444052135092488,trafficlight_front_12mm,start,0,0
1669444052159904988,trafficlight_front_6mm,gpu_end,29327422,28058109
1669444052160043662,trafficlight_front_6mm,end,29466096,138674
1669444052183553564,trafficlight_front_12mm,start,0,0
1669444052184948022,trafficlight_front_6mm,start,0,0
1669444052254821086,trafficlight_front_12mm,start,0,0
1669444052256352771,trafficlight_front_6mm,start,0,0
1669444052308818287,trafficlight_front_6mm,start,0,0
1669444052311291853,trafficlight_front_6mm,gpu_start,2473566,2473566
1669444052311783325,trafficlight_front_12mm,start,0,0
1669444052340804135,trafficlight_front_6mm,gpu_end,31985848,29512282
1669444052340919370,trafficlight_front_6mm,end,32101083,115235
1669444052367321942,trafficlight_front_6mm,start,0,0
1669444052380640865,trafficlight_front_12mm,start,0,0
1669444052496990620,trafficlight_front_6mm,start,0,0
1669444052499173351,trafficlight_front_12mm,start,0,0
1669444052499545481,trafficlight_front_6mm,gpu_start,2554861,2554861
1669444052528294021,trafficlight_front_6mm,gpu_end,31303401,28748540
1669444052528416959,trafficlight_front_6mm,end,31426339,122938
1669444052563163547,trafficlight_front_6mm,start,0,0
1669444052571758830,trafficlight_front_12mm,start,0,0
1669444052640782808,trafficlight_front_12mm,start,0,0
1669444052644655773,trafficlight_front_6mm,start,0,0
1669444052646177156,trafficlight_front_6mm,gpu_start,1521383,1521383
